Country,Year,Pesticides,N2O,Avg_rain,Avg_temp,Crop,Yield
Burundi,1990,92,2.9406,103.07499999999999,20.408333333333335,"Beans, dry",13184
Burundi,1990,92,2.9406,103.07499999999999,20.408333333333335,"Coffee, green",7742
Burundi,1990,92,2.9406,103.07499999999999,20.408333333333335,Potatoes,34836
Burundi,1990,92,2.9406,103.07499999999999,20.408333333333335,Tea,7742
Comoros,1990,1,0.1299,154.25000000000003,24.308333333333337,"Coffee, green",1475
Comoros,1990,1,0.1299,154.25000000000003,24.308333333333337,Potatoes,120000
Kenya,1990,3469,32.1556,62.274999999999984,24.666666666666668,"Beans, dry",8382
Kenya,1990,3469,32.1556,62.274999999999984,24.666666666666668,"Coffee, green",6786
Kenya,1990,3469,32.1556,62.274999999999984,24.666666666666668,Potatoes,88655
Kenya,1990,3469,32.1556,62.274999999999984,24.666666666666668,Tea,20313
Madagascar,1990,128,21.1506,94.075,22.266666666666666,"Beans, dry",8287
Madagascar,1990,128,21.1506,94.075,22.266666666666666,"Coffee, green",3536
Madagascar,1990,128,21.1506,94.075,22.266666666666666,Potatoes,69744
Madagascar,1990,128,21.1506,94.075,22.266666666666666,Tea,17500
Malawi,1990,172,3.2412,68.11666666666667,22.266666666666666,"Beans, dry",5667
Malawi,1990,172,3.2412,68.11666666666667,22.266666666666666,"Coffee, green",14045
Malawi,1990,172,3.2412,68.11666666666667,22.266666666666666,Potatoes,102044
Malawi,1990,172,3.2412,68.11666666666667,22.266666666666666,Tea,21038
Mauritius,1990,889,0.3799,106.61666666666667,23.049999999999997,Potatoes,181098
Mauritius,1990,889,0.3799,106.61666666666667,23.049999999999997,Tea,19797
Mozambique,1990,102,3.2536,67.85000000000001,24.008333333333336,"Coffee, green",6280
Mozambique,1990,102,3.2536,67.85000000000001,24.008333333333336,Potatoes,120710
Mozambique,1990,102,3.2536,67.85000000000001,24.008333333333336,Tea,6897
Rwanda,1990,157,2.5155,92.83333333333331,19.10833333333333,"Beans, dry",7427
Rwanda,1990,157,2.5155,92.83333333333331,19.10833333333333,"Coffee, green",6305
Rwanda,1990,157,2.5155,92.83333333333331,19.10833333333333,Potatoes,67453
Rwanda,1990,157,2.5155,92.83333333333331,19.10833333333333,Tea,10450
Seychelles,1990,10,0.0166,161.35833333333335,27.241666666666664,Tea,5475
Uganda,1990,72,13.8513,96.25,22.974999999999998,"Beans, dry",8001
Uganda,1990,72,13.8513,96.25,22.974999999999998,"Coffee, green",4768
Uganda,1990,72,13.8513,96.25,22.974999999999998,Potatoes,70000
Uganda,1990,72,13.8513,96.25,22.974999999999998,Tea,6095
Zambia,1990,1080,15.1556,73.63333333333334,22.183333333333337,"Coffee, green",9020
Zambia,1990,1080,15.1556,73.63333333333334,22.183333333333337,Potatoes,90000
Zambia,1990,1080,15.1556,73.63333333333334,22.183333333333337,Tea,12174
Zimbabwe,1990,5727,14.0979,52.650000000000006,21.55,"Beans, dry",7015
Zimbabwe,1990,5727,14.0979,52.650000000000006,21.55,"Coffee, green",23223
Zimbabwe,1990,5727,14.0979,52.650000000000006,21.55,Potatoes,158974
Zimbabwe,1990,5727,14.0979,52.650000000000006,21.55,Tea,34274
Burundi,1991,92,2.9646,101.29166666666667,20.4,"Beans, dry",11273
Burundi,1991,92,2.9646,101.29166666666667,20.4,"Coffee, green",9001
Burundi,1991,92,2.9646,101.29166666666667,20.4,Potatoes,30873
Burundi,1991,92,2.9646,101.29166666666667,20.4,Tea,8842
Comoros,1991,1,0.1284,169.21666666666667,24.141666666666666,"Coffee, green",1477
Comoros,1991,1,0.1284,169.21666666666667,24.141666666666666,Potatoes,133333
Kenya,1991,3469,30.9438,49.44166666666666,24.791666666666668,"Beans, dry",6651
Kenya,1991,3469,30.9438,49.44166666666666,24.791666666666668,"Coffee, green",5560
Kenya,1991,3469,30.9438,49.44166666666666,24.791666666666668,Potatoes,113356
Kenya,1991,3469,30.9438,49.44166666666666,24.791666666666668,Tea,20232
Madagascar,1991,131,21.1845,110.85833333333333,22.3,"Beans, dry",9498
Madagascar,1991,131,21.1845,110.85833333333333,22.3,"Coffee, green",3812
Madagascar,1991,131,21.1845,110.85833333333333,22.3,Potatoes,55983
Madagascar,1991,131,21.1845,110.85833333333333,22.3,Tea,18000
Malawi,1991,172,3.6023,87.88333333333334,22.09166666666667,"Beans, dry",5578
Malawi,1991,172,3.6023,87.88333333333334,22.09166666666667,"Coffee, green",14706
Malawi,1991,172,3.6023,87.88333333333334,22.09166666666667,Potatoes,66730
Malawi,1991,172,3.6023,87.88333333333334,22.09166666666667,Tea,18731
Mauritius,1991,815,0.3779,140.65833333333336,23.433333333333334,Potatoes,197419
Mauritius,1991,815,0.3779,140.65833333333336,23.433333333333334,Tea,20620
Mozambique,1991,102,3.4115,81.46666666666665,23.95,"Coffee, green",6923
Mozambique,1991,102,3.4115,81.46666666666665,23.95,Potatoes,124693
Mozambique,1991,102,3.4115,81.46666666666665,23.95,Tea,7720
Rwanda,1991,107,2.59,93.09999999999998,19.075,"Beans, dry",8542
Rwanda,1991,107,2.59,93.09999999999998,19.075,"Coffee, green",6140
Rwanda,1991,107,2.59,93.09999999999998,19.075,Potatoes,68462
Rwanda,1991,107,2.59,93.09999999999998,19.075,Tea,11288
Seychelles,1991,9,0.0171,169.4083333333333,27.391666666666662,Tea,5605
Uganda,1991,72,14.3373,102.56666666666666,22.849999999999994,"Beans, dry",7513
Uganda,1991,72,14.3373,102.56666666666666,22.849999999999994,"Coffee, green",5458
Uganda,1991,72,14.3373,102.56666666666666,22.849999999999994,Potatoes,71885
Uganda,1991,72,14.3373,102.56666666666666,22.849999999999994,Tea,6122
Zambia,1991,1080,15.3872,80.11666666666667,21.850000000000005,"Coffee, green",9667
Zambia,1991,1080,15.3872,80.11666666666667,21.850000000000005,Potatoes,90909
Zambia,1991,1080,15.3872,80.11666666666667,21.850000000000005,Tea,12128
Zimbabwe,1991,6753,12.208,43.558333333333316,21.475000000000005,"Beans, dry",7037
Zimbabwe,1991,6753,12.208,43.558333333333316,21.475000000000005,"Coffee, green",19502
Zimbabwe,1991,6753,12.208,43.558333333333316,21.475000000000005,Potatoes,157607
Zimbabwe,1991,6753,12.208,43.558333333333316,21.475000000000005,Tea,28680
Burundi,1992,92,2.9979,92.52499999999999,20.383333333333336,"Beans, dry",11530
Burundi,1992,92,2.9979,92.52499999999999,20.383333333333336,"Coffee, green",9304
Burundi,1992,92,2.9979,92.52499999999999,20.383333333333336,Potatoes,33357
Burundi,1992,92,2.9979,92.52499999999999,20.383333333333336,Tea,10657
Comoros,1992,1,0.1289,164.37500000000003,24.25833333333333,"Coffee, green",1484
Comoros,1992,1,0.1289,164.37500000000003,24.25833333333333,Potatoes,142857
Kenya,1992,3469,30.7371,52.15833333333333,24.691666666666666,"Beans, dry",7641
Kenya,1992,3469,30.7371,52.15833333333333,24.691666666666666,"Coffee, green",5546
Kenya,1992,3469,30.7371,52.15833333333333,24.691666666666666,Potatoes,92975
Kenya,1992,3469,30.7371,52.15833333333333,24.691666666666666,Tea,18466
Madagascar,1992,101,21.277,122.11666666666666,22.26666666666667,"Beans, dry",9037
Madagascar,1992,101,21.277,122.11666666666666,22.26666666666667,"Coffee, green",3698
Madagascar,1992,101,21.277,122.11666666666666,22.26666666666667,Potatoes,56560
Madagascar,1992,101,21.277,122.11666666666666,22.26666666666667,Tea,17576
Malawi,1992,172,3.6044,59.625,22.599999999999998,"Beans, dry",5379
Malawi,1992,172,3.6044,59.625,22.599999999999998,"Coffee, green",15692
Malawi,1992,172,3.6044,59.625,22.599999999999998,Potatoes,135970
Malawi,1992,172,3.6044,59.625,22.599999999999998,Tea,15375
Mauritius,1992,742,0.388,101.05833333333334,23.0,Potatoes,192134
Mauritius,1992,742,0.388,101.05833333333334,23.0,Tea,18644
Mozambique,1992,102,3.5667,56.73333333333333,24.50833333333333,"Coffee, green",6364
Mozambique,1992,102,3.5667,56.73333333333333,24.50833333333333,Potatoes,125448
Mozambique,1992,102,3.5667,56.73333333333333,24.50833333333333,Tea,5090
Rwanda,1992,97,2.5185,89.66666666666667,19.049999999999997,"Beans, dry",6923
Rwanda,1992,97,2.5185,89.66666666666667,19.049999999999997,"Coffee, green",6058
Rwanda,1992,97,2.5185,89.66666666666667,19.049999999999997,Potatoes,66731
Rwanda,1992,97,2.5185,89.66666666666667,19.049999999999997,Tea,10858
Seychelles,1992,9,0.0159,206.60833333333335,27.01666666666667,Tea,5333
Uganda,1992,72,14.5796,92.91666666666669,22.799999999999997,"Beans, dry",7500
Uganda,1992,72,14.5796,92.91666666666669,22.799999999999997,"Coffee, green",4244
Uganda,1992,72,14.5796,92.91666666666669,22.799999999999997,Potatoes,72432
Uganda,1992,72,14.5796,92.91666666666669,22.799999999999997,Tea,6132
Zambia,1992,1080,15.7103,64.23333333333333,22.5,"Coffee, green",9228
Zambia,1992,1080,15.7103,64.23333333333333,22.5,Potatoes,88889
Zambia,1992,1080,15.7103,64.23333333333333,22.5,Tea,11364
Zimbabwe,1992,3303,12.3147,38.25833333333333,22.224999999999998,"Beans, dry",6667
Zimbabwe,1992,3303,12.3147,38.25833333333333,22.224999999999998,"Coffee, green",10406
Zimbabwe,1992,3303,12.3147,38.25833333333333,22.224999999999998,Potatoes,156250
Zimbabwe,1992,3303,12.3147,38.25833333333333,22.224999999999998,Tea,20818
Burundi,1993,97,2.9537,87.80833333333334,20.308333333333334,"Beans, dry",10445
Burundi,1993,97,2.9537,87.80833333333334,20.308333333333334,"Coffee, green",8211
Burundi,1993,97,2.9537,87.80833333333334,20.308333333333334,Potatoes,29801
Burundi,1993,97,2.9537,87.80833333333334,20.308333333333334,Tea,9000
Comoros,1993,1,0.1308,151.8166666666667,24.174999999999997,"Coffee, green",1479
Comoros,1993,1,0.1308,151.8166666666667,24.174999999999997,Potatoes,150000
Eritrea,1993,4,3.2169,21.099999999999998,26.433333333333337,"Beans, dry",7662
Eritrea,1993,4,3.2169,21.099999999999998,26.433333333333337,Potatoes,82000
Ethiopia,1993,242,59.7766,70.59166666666665,22.48333333333333,"Beans, dry",5314
Ethiopia,1993,242,59.7766,70.59166666666665,22.48333333333333,"Coffee, green",7200
Ethiopia,1993,242,59.7766,70.59166666666665,22.48333333333333,Potatoes,80046
Ethiopia,1993,242,59.7766,70.59166666666665,22.48333333333333,Tea,6415
Kenya,1993,3469,30.3429,52.008333333333326,24.583333333333332,"Beans, dry",6508
Kenya,1993,3469,30.3429,52.008333333333326,24.583333333333332,"Coffee, green",4747
Kenya,1993,3469,30.3429,52.008333333333326,24.583333333333332,Potatoes,117490
Kenya,1993,3469,30.3429,52.008333333333326,24.583333333333332,Tea,20137
Madagascar,1993,109,21.4209,125.59166666666664,22.200000000000003,"Beans, dry",8786
Madagascar,1993,109,21.4209,125.59166666666664,22.200000000000003,"Coffee, green",3700
Madagascar,1993,109,21.4209,125.59166666666664,22.200000000000003,Potatoes,56429
Madagascar,1993,109,21.4209,125.59166666666664,22.200000000000003,Tea,18182
Malawi,1993,172,3.7257,79.43333333333334,22.224999999999998,"Beans, dry",5503
Malawi,1993,172,3.7257,79.43333333333334,22.224999999999998,"Coffee, green",12600
Malawi,1993,172,3.7257,79.43333333333334,22.224999999999998,Potatoes,90947
Malawi,1993,172,3.7257,79.43333333333334,22.224999999999998,Tea,21349
Mauritius,1993,668,0.3654,211.70833333333334,23.125000000000004,Potatoes,200875
Mauritius,1993,668,0.3654,211.70833333333334,23.125000000000004,Tea,18823
Mozambique,1993,102,3.8004,81.51666666666667,24.191666666666663,"Coffee, green",7143
Mozambique,1993,102,3.8004,81.51666666666667,24.191666666666663,Potatoes,126227
Mozambique,1993,102,3.8004,81.51666666666667,24.191666666666663,Tea,8365
Rwanda,1993,127,2.4146,88.49166666666667,19.03333333333333,"Beans, dry",6850
Rwanda,1993,127,2.4146,88.49166666666667,19.03333333333333,"Coffee, green",5191
Rwanda,1993,127,2.4146,88.49166666666667,19.03333333333333,Potatoes,68053
Rwanda,1993,127,2.4146,88.49166666666667,19.03333333333333,Tea,11181
Seychelles,1993,31,0.0168,158.1833333333333,27.03333333333333,Tea,5467
Uganda,1993,71,14.9796,87.99166666666667,22.891666666666666,"Beans, dry",7754
Uganda,1993,71,14.9796,87.99166666666667,22.891666666666666,"Coffee, green",5455
Uganda,1993,71,14.9796,87.99166666666667,22.891666666666666,Potatoes,80000
Uganda,1993,71,14.9796,87.99166666666667,22.891666666666666,Tea,7564
Zambia,1993,1080,15.6448,80.75833333333334,21.875000000000004,"Coffee, green",9234
Zambia,1993,1080,15.6448,80.75833333333334,21.875000000000004,Potatoes,90909
Zambia,1993,1080,15.6448,80.75833333333334,21.875000000000004,Tea,11778
Zimbabwe,1993,1716,10.2646,56.008333333333326,21.599999999999998,"Beans, dry",7377
Zimbabwe,1993,1716,10.2646,56.008333333333326,21.599999999999998,"Coffee, green",10526
Zimbabwe,1993,1716,10.2646,56.008333333333326,21.599999999999998,Potatoes,157895
Zimbabwe,1993,1716,10.2646,56.008333333333326,21.599999999999998,Tea,29981
Burundi,1994,84,2.7948,101.31666666666666,20.466666666666665,"Beans, dry",9277
Burundi,1994,84,2.7948,101.31666666666666,20.466666666666665,"Coffee, green",9385
Burundi,1994,84,2.7948,101.31666666666666,20.466666666666665,Potatoes,29453
Burundi,1994,84,2.7948,101.31666666666666,20.466666666666665,Tea,10380
Comoros,1994,1,0.1327,141.42499999999998,24.425000000000008,"Coffee, green",1481
Comoros,1994,1,0.1327,141.42499999999998,24.425000000000008,Potatoes,149800
Eritrea,1994,4,3.3106,23.3,26.349999999999998,"Beans, dry",7242
Eritrea,1994,4,3.3106,23.3,26.349999999999998,Potatoes,80894
Ethiopia,1994,242,60.5309,67.68333333333332,22.583333333333332,"Beans, dry",2492
Ethiopia,1994,242,60.5309,67.68333333333332,22.583333333333332,"Coffee, green",7453
Ethiopia,1994,242,60.5309,67.68333333333332,22.583333333333332,Potatoes,79545
Ethiopia,1994,242,60.5309,67.68333333333332,22.583333333333332,Tea,6891
Kenya,1994,3469,30.7096,58.791666666666664,24.75833333333333,"Beans, dry",4319
Kenya,1994,3469,30.7096,58.791666666666664,24.75833333333333,"Coffee, green",5035
Kenya,1994,3469,30.7096,58.791666666666664,24.75833333333333,Potatoes,97108
Kenya,1994,3469,30.7096,58.791666666666664,24.75833333333333,Tea,19000
Madagascar,1994,76,21.4159,110.46666666666665,22.566666666666666,"Beans, dry",8388
Madagascar,1994,76,21.4159,110.46666666666665,22.566666666666666,"Coffee, green",4167
Madagascar,1994,76,21.4159,110.46666666666665,22.566666666666666,Potatoes,58442
Madagascar,1994,76,21.4159,110.46666666666665,22.566666666666666,Tea,17647
Malawi,1994,172,2.643,66.81666666666666,22.308333333333334,"Beans, dry",5366
Malawi,1994,172,2.643,66.81666666666666,22.308333333333334,"Coffee, green",12600
Malawi,1994,172,2.643,66.81666666666666,22.308333333333334,Potatoes,85376
Malawi,1994,172,2.643,66.81666666666666,22.308333333333334,Tea,18692
Mauritius,1994,594,0.4107,142.6,23.316666666666666,Potatoes,175716
Mauritius,1994,594,0.4107,142.6,23.316666666666666,Tea,16806
Mozambique,1994,102,3.9525,67.375,23.900000000000002,"Coffee, green",6667
Mozambique,1994,102,3.9525,67.375,23.900000000000002,Potatoes,126995
Mozambique,1994,102,3.9525,67.375,23.900000000000002,Tea,10000
Rwanda,1994,158,2.2836,101.76666666666667,19.116666666666667,"Beans, dry",7733
Rwanda,1994,158,2.2836,101.76666666666667,19.116666666666667,"Coffee, green",5096
Rwanda,1994,158,2.2836,101.76666666666667,19.116666666666667,Potatoes,67588
Rwanda,1994,158,2.2836,101.76666666666667,19.116666666666667,Tea,4596
Seychelles,1994,33,0.0184,199.875,27.350000000000005,Tea,5383
Uganda,1994,59,14.6359,108.23333333333335,22.8,"Beans, dry",6585
Uganda,1994,59,14.6359,108.23333333333335,22.8,"Coffee, green",7543
Uganda,1994,59,14.6359,108.23333333333335,22.8,Potatoes,83636
Uganda,1994,59,14.6359,108.23333333333335,22.8,Tea,8414
Zambia,1994,1080,14.8368,64.43333333333334,22.191666666666666,"Coffee, green",9306
Zambia,1994,1080,14.8368,64.43333333333334,22.191666666666666,Potatoes,90000
Zambia,1994,1080,14.8368,64.43333333333334,22.191666666666666,Tea,11364
Zimbabwe,1994,1664,10.7936,38.633333333333326,21.325000000000006,"Beans, dry",6394
Zimbabwe,1994,1664,10.7936,38.633333333333326,21.325000000000006,"Coffee, green",17127
Zimbabwe,1994,1664,10.7936,38.633333333333326,21.325000000000006,Potatoes,158974
Zimbabwe,1994,1664,10.7936,38.633333333333326,21.325000000000006,Tea,30539
Burundi,1995,144,2.914,97.85000000000001,20.749999999999996,"Beans, dry",10996
Burundi,1995,144,2.914,97.85000000000001,20.749999999999996,"Coffee, green",7290
Burundi,1995,144,2.914,97.85000000000001,20.749999999999996,Potatoes,29691
Burundi,1995,144,2.914,97.85000000000001,20.749999999999996,Tea,9752
Comoros,1995,1,0.1352,137.09166666666667,24.374999999999996,"Coffee, green",1487
Comoros,1995,1,0.1352,137.09166666666667,24.374999999999996,Potatoes,139818
Eritrea,1995,4,3.3547,21.90833333333333,26.183333333333334,"Beans, dry",7274
Eritrea,1995,4,3.3547,21.90833333333333,26.183333333333334,Potatoes,80032
Ethiopia,1995,242,61.0248,60.741666666666674,22.783333333333335,"Beans, dry",3499
Ethiopia,1995,242,61.0248,60.741666666666674,22.783333333333335,"Coffee, green",7471
Ethiopia,1995,242,61.0248,60.741666666666674,22.783333333333335,Potatoes,78889
Ethiopia,1995,242,61.0248,60.741666666666674,22.783333333333335,Tea,7095
Kenya,1995,4607,30.1381,52.96666666666667,24.975000000000005,"Beans, dry",5217
Kenya,1995,4607,30.1381,52.96666666666667,24.975000000000005,"Coffee, green",5944
Kenya,1995,4607,30.1381,52.96666666666667,24.975000000000005,Potatoes,96575
Kenya,1995,4607,30.1381,52.96666666666667,24.975000000000005,Tea,21725
Madagascar,1995,73,21.5869,122.85000000000002,22.441666666666666,"Beans, dry",9684
Madagascar,1995,73,21.5869,122.85000000000002,22.441666666666666,"Coffee, green",3542
Madagascar,1995,73,21.5869,122.85000000000002,22.441666666666666,Potatoes,56853
Madagascar,1995,73,21.5869,122.85000000000002,22.441666666666666,Tea,17819
Malawi,1995,172,3.1885,76.675,22.766666666666666,"Beans, dry",5625
Malawi,1995,172,3.1885,76.675,22.766666666666666,"Coffee, green",12540
Malawi,1995,172,3.1885,76.675,22.766666666666666,Potatoes,58002
Malawi,1995,172,3.1885,76.675,22.766666666666666,Tea,19106
Mauritius,1995,654,0.4277,153.82500000000002,23.216666666666665,Potatoes,198460
Mauritius,1995,654,0.4277,153.82500000000002,23.216666666666665,Tea,18223
Mozambique,1995,72,4.0872,69.825,24.433333333333334,"Coffee, green",6923
Mozambique,1995,72,4.0872,69.825,24.433333333333334,Potatoes,127750
Mozambique,1995,72,4.0872,69.825,24.433333333333334,Tea,4880
Rwanda,1995,188,2.0005,97.95833333333333,19.375,"Beans, dry",7000
Rwanda,1995,188,2.0005,97.95833333333333,19.375,"Coffee, green",5933
Rwanda,1995,188,2.0005,97.95833333333333,19.375,Potatoes,68850
Rwanda,1995,188,2.0005,97.95833333333333,19.375,Tea,7571
Seychelles,1995,36,0.02,176.15,27.408333333333335,Tea,5136
Uganda,1995,88,14.9608,101.13333333333334,23.175,"Beans, dry",6500
Uganda,1995,88,14.9608,101.13333333333334,23.175,"Coffee, green",6900
Uganda,1995,88,14.9608,101.13333333333334,23.175,Potatoes,80400
Uganda,1995,88,14.9608,101.13333333333334,23.175,Tea,7933
Zambia,1995,716,14.4246,64.09166666666667,22.716666666666665,"Coffee, green",6844
Zambia,1995,716,14.4246,64.09166666666667,22.716666666666665,Potatoes,88889
Zambia,1995,716,14.4246,64.09166666666667,22.716666666666665,Tea,11250
Zimbabwe,1995,2599,10.4734,37.98333333333333,22.066666666666663,"Beans, dry",6897
Zimbabwe,1995,2599,10.4734,37.98333333333333,22.066666666666663,"Coffee, green",15720
Zimbabwe,1995,2599,10.4734,37.98333333333333,22.066666666666663,Potatoes,157895
Zimbabwe,1995,2599,10.4734,37.98333333333333,22.066666666666663,Tea,30594
Burundi,1996,207,2.8888,91.11666666666667,20.474999999999998,"Beans, dry",10471
Burundi,1996,207,2.8888,91.11666666666667,20.474999999999998,"Coffee, green",7904
Burundi,1996,207,2.8888,91.11666666666667,20.474999999999998,Potatoes,29736
Burundi,1996,207,2.8888,91.11666666666667,20.474999999999998,Tea,7505
Comoros,1996,1,0.1379,161.875,24.183333333333334,"Coffee, green",1492
Comoros,1996,1,0.1379,161.875,24.183333333333334,Potatoes,138596
Eritrea,1996,4,3.8767,18.191666666666666,26.650000000000002,"Beans, dry",6989
Eritrea,1996,4,3.8767,18.191666666666666,26.650000000000002,Potatoes,79592
Ethiopia,1996,383,64.7349,71.26666666666667,22.825,"Beans, dry",10784
Ethiopia,1996,383,64.7349,71.26666666666667,22.825,"Coffee, green",7491
Ethiopia,1996,383,64.7349,71.26666666666667,22.825,Potatoes,78261
Ethiopia,1996,383,64.7349,71.26666666666667,22.825,Tea,7233
Kenya,1996,6344,28.6956,43.80833333333334,24.850000000000005,"Beans, dry",3136
Kenya,1996,6344,28.6956,43.80833333333334,24.850000000000005,"Coffee, green",5523
Kenya,1996,6344,28.6956,43.80833333333334,24.850000000000005,Potatoes,75918
Kenya,1996,6344,28.6956,43.80833333333334,24.850000000000005,Tea,22621
Madagascar,1996,152,21.6309,123.81666666666665,22.308333333333334,"Beans, dry",9397
Madagascar,1996,152,21.6309,123.81666666666665,22.308333333333334,"Coffee, green",3523
Madagascar,1996,152,21.6309,123.81666666666665,22.308333333333334,Potatoes,57166
Madagascar,1996,152,21.6309,123.81666666666665,22.308333333333334,Tea,17789
Malawi,1996,172,3.5092,92.24166666666667,22.333333333333332,"Beans, dry",5588
Malawi,1996,172,3.5092,92.24166666666667,22.333333333333332,"Coffee, green",12300
Malawi,1996,172,3.5092,92.24166666666667,22.333333333333332,Potatoes,90293
Malawi,1996,172,3.5092,92.24166666666667,22.333333333333332,Tea,18511
Mauritius,1996,614,0.4425,101.0,22.958333333333332,Potatoes,195930
Mauritius,1996,614,0.4425,101.0,22.958333333333332,Tea,22536
Mozambique,1996,66,4.3545,87.08333333333333,24.041666666666668,"Coffee, green",7037
Mozambique,1996,66,4.3545,87.08333333333333,24.041666666666668,Potatoes,126824
Mozambique,1996,66,4.3545,87.08333333333333,24.041666666666668,Tea,8350
Rwanda,1996,219,2.1658,94.11666666666667,19.124999999999996,"Beans, dry",6974
Rwanda,1996,219,2.1658,94.11666666666667,19.124999999999996,"Coffee, green",6114
Rwanda,1996,219,2.1658,94.11666666666667,19.124999999999996,Potatoes,55823
Rwanda,1996,219,2.1658,94.11666666666667,19.124999999999996,Tea,8234
Seychelles,1996,35,0.0183,161.5666666666667,27.041666666666668,Tea,5348
Uganda,1996,88,15.0455,109.49166666666666,22.90833333333333,"Beans, dry",3805
Uganda,1996,88,15.0455,109.49166666666666,22.90833333333333,"Coffee, green",10283
Uganda,1996,88,15.0455,109.49166666666666,22.90833333333333,Potatoes,60000
Uganda,1996,88,15.0455,109.49166666666666,22.90833333333333,Tea,9677
Zambia,1996,1670,14.1275,76.80833333333335,22.28333333333333,"Coffee, green",7900
Zambia,1996,1670,14.1275,76.80833333333335,22.28333333333333,Potatoes,90909
Zambia,1996,1670,14.1275,76.80833333333335,22.28333333333333,Tea,11364
Zimbabwe,1996,2538,12.6164,58.475,21.49166666666667,"Beans, dry",3098
Zimbabwe,1996,2538,12.6164,58.475,21.49166666666667,"Coffee, green",17692
Zimbabwe,1996,2538,12.6164,58.475,21.49166666666667,Potatoes,156566
Zimbabwe,1996,2538,12.6164,58.475,21.49166666666667,Tea,32984
Burundi,1997,118,2.9242,108.89999999999998,20.73333333333333,"Beans, dry",10125
Burundi,1997,118,2.9242,108.89999999999998,20.73333333333333,"Coffee, green",6893
Burundi,1997,118,2.9242,108.89999999999998,20.73333333333333,Potatoes,32397
Burundi,1997,118,2.9242,108.89999999999998,20.73333333333333,Tea,5559
Comoros,1997,1,0.1405,141.85833333333335,24.45833333333333,"Coffee, green",1484
Comoros,1997,1,0.1405,141.85833333333335,24.45833333333333,Potatoes,138462
Eritrea,1997,31,4.4308,19.633333333333333,26.583333333333332,"Beans, dry",6690
Eritrea,1997,31,4.4308,19.633333333333333,26.583333333333332,Potatoes,80769
Ethiopia,1997,383,66.5055,72.075,22.799999999999997,"Beans, dry",9249
Ethiopia,1997,383,66.5055,72.075,22.799999999999997,"Coffee, green",7474
Ethiopia,1997,383,66.5055,72.075,22.799999999999997,Potatoes,78261
Ethiopia,1997,383,66.5055,72.075,22.799999999999997,Tea,7143
Kenya,1997,5172,28.5242,78.7,24.808333333333334,"Beans, dry",3127
Kenya,1997,5172,28.5242,78.7,24.808333333333334,"Coffee, green",3880
Kenya,1997,5172,28.5242,78.7,24.808333333333334,Potatoes,70425
Kenya,1997,5172,28.5242,78.7,24.808333333333334,Tea,19380
Madagascar,1997,140,21.5849,128.25000000000003,22.541666666666668,"Beans, dry",8921
Madagascar,1997,140,21.5849,128.25000000000003,22.541666666666668,"Coffee, green",2865
Madagascar,1997,140,21.5849,128.25000000000003,22.541666666666668,Potatoes,57377
Madagascar,1997,140,21.5849,128.25000000000003,22.541666666666668,Tea,17778
Malawi,1997,172,3.521,98.42500000000001,22.425,"Beans, dry",5578
Malawi,1997,172,3.521,98.42500000000001,22.425,"Coffee, green",12303
Malawi,1997,172,3.521,98.42500000000001,22.425,Potatoes,95765
Malawi,1997,172,3.521,98.42500000000001,22.425,Tea,15798
Mauritius,1997,696,0.4126,138.74166666666665,23.3,Potatoes,215755
Mauritius,1997,696,0.4126,138.74166666666665,23.3,Tea,23299
Mozambique,1997,61,4.3173,95.7,24.116666666666664,"Coffee, green",7143
Mozambique,1997,61,4.3173,95.7,24.116666666666664,Potatoes,123912
Mozambique,1997,61,4.3173,95.7,24.116666666666664,Tea,7500
Rwanda,1997,249,2.2512,100.625,19.31666666666667,"Beans, dry",5606
Rwanda,1997,249,2.2512,100.625,19.31666666666667,"Coffee, green",6741
Rwanda,1997,249,2.2512,100.625,19.31666666666667,Potatoes,54673
Rwanda,1997,249,2.2512,100.625,19.31666666666667,Tea,12713
Seychelles,1997,24,0.0205,175.4333333333333,27.650000000000002,Tea,5745
Uganda,1997,88,15.3798,108.33333333333336,23.0,"Beans, dry",3508
Uganda,1997,88,15.3798,108.33333333333336,23.0,"Coffee, green",8074
Uganda,1997,88,15.3798,108.33333333333336,23.0,Potatoes,64286
Uganda,1997,88,15.3798,108.33333333333336,23.0,Tea,10280
Zambia,1997,1670,14.896,86.43333333333334,22.383333333333336,"Coffee, green",9850
Zambia,1997,1670,14.896,86.43333333333334,22.383333333333336,Potatoes,90000
Zambia,1997,1670,14.896,86.43333333333334,22.383333333333336,Tea,12222
Zimbabwe,1997,2762,12.4454,66.675,21.516666666666666,"Beans, dry",4807
Zimbabwe,1997,2762,12.4454,66.675,21.516666666666666,"Coffee, green",16012
Zimbabwe,1997,2762,12.4454,66.675,21.516666666666666,Potatoes,154959
Zimbabwe,1997,2762,12.4454,66.675,21.516666666666666,Tea,32881
Burundi,1998,107,2.8243,107.18333333333332,20.666666666666668,"Beans, dry",10182
Burundi,1998,107,2.8243,107.18333333333332,20.666666666666668,"Coffee, green",6049
Burundi,1998,107,2.8243,107.18333333333332,20.666666666666668,Potatoes,25950
Burundi,1998,107,2.8243,107.18333333333332,20.666666666666668,Tea,8892
Comoros,1998,1,0.1498,142.81666666666666,24.725000000000005,"Coffee, green",1500
Comoros,1998,1,0.1498,142.81666666666666,24.725000000000005,Potatoes,139706
Eritrea,1998,20,4.797,27.29166666666666,26.900000000000002,"Beans, dry",6376
Eritrea,1998,20,4.797,27.29166666666666,26.900000000000002,Potatoes,83333
Ethiopia,1998,383,71.9129,71.66666666666667,23.058333333333334,"Beans, dry",7759
Ethiopia,1998,383,71.9129,71.66666666666667,23.058333333333334,"Coffee, green",7602
Ethiopia,1998,383,71.9129,71.66666666666667,23.058333333333334,Potatoes,76042
Ethiopia,1998,383,71.9129,71.66666666666667,23.058333333333334,Tea,8182
Kenya,1998,4114,28.3958,59.683333333333344,25.03333333333333,"Beans, dry",3845
Kenya,1998,4114,28.3958,59.683333333333344,25.03333333333333,"Coffee, green",3009
Kenya,1998,4114,28.3958,59.683333333333344,25.03333333333333,Potatoes,75177
Kenya,1998,4114,28.3958,59.683333333333344,25.03333333333333,Tea,24793
Madagascar,1998,88,21.4623,138.275,22.799999999999997,"Beans, dry",9017
Madagascar,1998,88,21.4623,138.275,22.799999999999997,"Coffee, green",3109
Madagascar,1998,88,21.4623,138.275,22.799999999999997,Potatoes,57377
Madagascar,1998,88,21.4623,138.275,22.799999999999997,Tea,17627
Malawi,1998,136,3.6781,70.98333333333333,22.750000000000004,"Beans, dry",4918
Malawi,1998,136,3.6781,70.98333333333333,22.750000000000004,"Coffee, green",12000
Malawi,1998,136,3.6781,70.98333333333333,22.750000000000004,Potatoes,104774
Malawi,1998,136,3.6781,70.98333333333333,22.750000000000004,Tea,21469
Mauritius,1998,625,0.4175,176.375,23.575,Potatoes,176048
Mauritius,1998,625,0.4175,176.375,23.575,Tea,21628
Mozambique,1998,54,4.5175,79.45833333333333,24.525000000000002,"Coffee, green",7102
Mozambique,1998,54,4.5175,79.45833333333333,24.525000000000002,Potatoes,122951
Mozambique,1998,54,4.5175,79.45833333333333,24.525000000000002,Tea,13636
Rwanda,1998,157,2.3993,101.53333333333335,19.25833333333333,"Beans, dry",6552
Rwanda,1998,157,2.3993,101.53333333333335,19.25833333333333,"Coffee, green",6794
Rwanda,1998,157,2.3993,101.53333333333335,19.25833333333333,Potatoes,64088
Rwanda,1998,157,2.3993,101.53333333333335,19.25833333333333,Tea,13523
Seychelles,1998,19,0.0188,148.3833333333333,27.733333333333334,Tea,5556
Uganda,1998,88,15.919,101.22500000000001,23.10833333333333,"Beans, dry",6000
Uganda,1998,88,15.919,101.22500000000001,23.10833333333333,"Coffee, green",7738
Uganda,1998,88,15.919,101.22500000000001,23.10833333333333,Potatoes,64000
Uganda,1998,88,15.919,101.22500000000001,23.10833333333333,Tea,12951
Zambia,1998,1670,14.5984,77.52499999999999,22.641666666666666,"Coffee, green",8760
Zambia,1998,1670,14.5984,77.52499999999999,22.641666666666666,Potatoes,88889
Zambia,1998,1670,14.5984,77.52499999999999,22.641666666666666,Tea,14130
Zimbabwe,1998,2883,13.0065,55.19166666666667,22.016666666666666,"Beans, dry",2852
Zimbabwe,1998,2883,13.0065,55.19166666666667,22.016666666666666,"Coffee, green",14706
Zimbabwe,1998,2883,13.0065,55.19166666666667,22.016666666666666,Potatoes,152632
Zimbabwe,1998,2883,13.0065,55.19166666666667,22.016666666666666,Tea,32407
Burundi,1999,150,2.8731,96.89166666666665,20.633333333333333,"Beans, dry",9888
Burundi,1999,150,2.8731,96.89166666666665,20.633333333333333,"Coffee, green",9103
Burundi,1999,150,2.8731,96.89166666666665,20.633333333333333,Potatoes,24393
Burundi,1999,150,2.8731,96.89166666666665,20.633333333333333,Tea,9153
Comoros,1999,1,0.1608,155.05,24.29166666666667,"Coffee, green",1494
Comoros,1999,1,0.1608,155.05,24.29166666666667,Potatoes,144444
Eritrea,1999,22,4.8792,22.05,26.808333333333337,"Beans, dry",7597
Eritrea,1999,22,4.8792,22.05,26.808333333333337,Potatoes,80000
Ethiopia,1999,493,71.1788,61.88333333333335,22.474999999999998,"Beans, dry",6696
Ethiopia,1999,493,71.1788,61.88333333333335,22.474999999999998,"Coffee, green",8653
Ethiopia,1999,493,71.1788,61.88333333333335,22.474999999999998,Potatoes,76546
Ethiopia,1999,493,71.1788,61.88333333333335,22.474999999999998,Tea,9020
Kenya,1999,3056,30.9609,48.76666666666666,24.883333333333336,"Beans, dry",4742
Kenya,1999,3056,30.9609,48.76666666666666,24.883333333333336,"Coffee, green",4006
Kenya,1999,3056,30.9609,48.76666666666666,24.883333333333336,Potatoes,91410
Kenya,1999,3056,30.9609,48.76666666666666,24.883333333333336,Tea,20980
Madagascar,1999,50,21.4754,116.02499999999999,22.375,"Beans, dry",9880
Madagascar,1999,50,21.4754,116.02499999999999,22.375,"Coffee, green",3367
Madagascar,1999,50,21.4754,116.02499999999999,22.375,Potatoes,59388
Madagascar,1999,50,21.4754,116.02499999999999,22.375,Tea,18182
Malawi,1999,125,3.6435,98.75,22.108333333333334,"Beans, dry",3678
Malawi,1999,125,3.6435,98.75,22.108333333333334,"Coffee, green",11800
Malawi,1999,125,3.6435,98.75,22.108333333333334,Potatoes,112207
Malawi,1999,125,3.6435,98.75,22.108333333333334,Tea,17853
Mauritius,1999,599,0.4558,88.39999999999999,23.208333333333332,Potatoes,239781
Mauritius,1999,599,0.4558,88.39999999999999,23.208333333333332,Tea,21952
Mozambique,1999,48,4.6048,94.91666666666667,23.95,"Coffee, green",7003
Mozambique,1999,48,4.6048,94.91666666666667,23.95,Potatoes,125413
Mozambique,1999,48,4.6048,94.91666666666667,23.95,Tea,16000
Rwanda,1999,152,2.6144,86.70833333333333,19.299999999999997,"Beans, dry",6153
Rwanda,1999,152,2.6144,86.70833333333333,19.299999999999997,"Coffee, green",7034
Rwanda,1999,152,2.6144,86.70833333333333,19.299999999999997,Potatoes,59083
Rwanda,1999,152,2.6144,86.70833333333333,19.299999999999997,Tea,12918
Seychelles,1999,19,0.0189,154.53333333333333,27.2,Tea,5364
Uganda,1999,88,16.2867,105.39999999999999,23.025000000000002,"Beans, dry",5994
Uganda,1999,88,16.2867,105.39999999999999,23.025000000000002,"Coffee, green",9159
Uganda,1999,88,16.2867,105.39999999999999,23.025000000000002,Potatoes,70156
Uganda,1999,88,16.2867,105.39999999999999,23.025000000000002,Tea,16262
Zambia,1999,1670,14.9232,71.29166666666669,21.933333333333337,"Coffee, green",9943
Zambia,1999,1670,14.9232,71.29166666666669,21.933333333333337,Potatoes,90909
Zambia,1999,1670,14.9232,71.29166666666669,21.933333333333337,Tea,13333
Zimbabwe,1999,2918,13.8278,56.95833333333334,21.36666666666667,"Beans, dry",6552
Zimbabwe,1999,2918,13.8278,56.95833333333334,21.36666666666667,"Coffee, green",14172
Zimbabwe,1999,2918,13.8278,56.95833333333334,21.36666666666667,Potatoes,150840
Zimbabwe,1999,2918,13.8278,56.95833333333334,21.36666666666667,Tea,33089
Burundi,2000,110,2.8805,89.72499999999998,20.741666666666664,"Beans, dry",8926
Burundi,2000,110,2.8805,89.72499999999998,20.741666666666664,"Coffee, green",10877
Burundi,2000,110,2.8805,89.72499999999998,20.741666666666664,Potatoes,24671
Burundi,2000,110,2.8805,89.72499999999998,20.741666666666664,Tea,43081
Comoros,2000,1,0.1423,155.28333333333333,24.308333333333326,"Coffee, green",1508
Comoros,2000,1,0.1423,155.28333333333333,24.308333333333326,Potatoes,153846
Eritrea,2000,25,4.9518,22.583333333333332,26.75,"Beans, dry",4972
Eritrea,2000,25,4.9518,22.583333333333332,26.75,Potatoes,69213
Ethiopia,2000,602,67.0495,70.69166666666666,22.816666666666666,"Beans, dry",6724
Ethiopia,2000,602,67.0495,70.69166666666666,22.816666666666666,"Coffee, green",9199
Ethiopia,2000,602,67.0495,70.69166666666666,22.816666666666666,Potatoes,77000
Ethiopia,2000,602,67.0495,70.69166666666666,22.816666666666666,Tea,8800
Kenya,2000,1998,28.7621,39.983333333333334,24.90833333333333,"Beans, dry",4300
Kenya,2000,1998,28.7621,39.983333333333334,24.90833333333333,"Coffee, green",5924
Kenya,2000,1998,28.7621,39.983333333333334,24.90833333333333,Potatoes,61770
Kenya,2000,1998,28.7621,39.983333333333334,24.90833333333333,Tea,19627
Madagascar,2000,130,21.3174,114.65833333333335,22.516666666666666,"Beans, dry",8926
Madagascar,2000,130,21.3174,114.65833333333335,22.516666666666666,"Coffee, green",3006
Madagascar,2000,130,21.3174,114.65833333333335,22.516666666666666,Potatoes,58269
Madagascar,2000,130,21.3174,114.65833333333335,22.516666666666666,Tea,20332
Malawi,2000,210,3.9302,93.64166666666665,22.13333333333333,"Beans, dry",4044
Malawi,2000,210,3.9302,93.64166666666665,22.13333333333333,"Coffee, green",10865
Malawi,2000,210,3.9302,93.64166666666665,22.13333333333333,Potatoes,114561
Malawi,2000,210,3.9302,93.64166666666665,22.13333333333333,Tea,23345
Mauritius,2000,624,0.4589,124.98333333333335,23.11666666666667,Potatoes,222556
Mauritius,2000,624,0.4589,124.98333333333335,23.11666666666667,Tea,19582
Mozambique,2000,41,4.9258,102.33333333333333,23.825000000000003,"Coffee, green",6000
Mozambique,2000,41,4.9258,102.33333333333333,23.825000000000003,Potatoes,126562
Mozambique,2000,41,4.9258,102.33333333333333,23.825000000000003,Tea,18586
Rwanda,2000,147,2.682,87.44166666666666,19.50833333333333,"Beans, dry",6463
Rwanda,2000,147,2.682,87.44166666666666,19.50833333333333,"Coffee, green",6999
Rwanda,2000,147,2.682,87.44166666666666,19.50833333333333,Potatoes,87830
Rwanda,2000,147,2.682,87.44166666666666,19.50833333333333,Tea,11773
Seychelles,2000,19,0.0175,167.82500000000002,27.149999999999995,Tea,5467
Uganda,2000,88,16.6912,94.50833333333334,23.308333333333334,"Beans, dry",6009
Uganda,2000,88,16.6912,94.50833333333334,23.308333333333334,"Coffee, green",4767
Uganda,2000,88,16.6912,94.50833333333334,23.308333333333334,Potatoes,70294
Uganda,2000,88,16.6912,94.50833333333334,23.308333333333334,Tea,18620
Zambia,2000,1670,14.6323,87.93333333333334,22.0,"Coffee, green",9818
Zambia,2000,1670,14.6323,87.93333333333334,22.0,Potatoes,90909
Zambia,2000,1670,14.6323,87.93333333333334,22.0,Tea,13077
Zimbabwe,2000,2953,13.9026,72.89166666666667,21.15,"Beans, dry",4933
Zimbabwe,2000,2953,13.9026,72.89166666666667,21.15,"Coffee, green",14000
Zimbabwe,2000,2953,13.9026,72.89166666666667,21.15,Potatoes,147541
Zimbabwe,2000,2953,13.9026,72.89166666666667,21.15,Tea,33846
Burundi,2001,73,2.9399,113.83333333333333,20.74166666666667,"Beans, dry",9957
Burundi,2001,73,2.9399,113.83333333333333,20.74166666666667,"Coffee, green",10920
Burundi,2001,73,2.9399,113.83333333333333,20.74166666666667,Potatoes,24933
Burundi,2001,73,2.9399,113.83333333333333,20.74166666666667,Tea,54133
Comoros,2001,1,0.1468,148.62500000000003,24.391666666666666,"Coffee, green",1494
Comoros,2001,1,0.1468,148.62500000000003,24.391666666666666,Potatoes,150000
Eritrea,2001,28,4.7005,23.79166666666666,26.86666666666667,"Beans, dry",9120
Eritrea,2001,28,4.7005,23.79166666666666,26.86666666666667,Potatoes,58050
Ethiopia,2001,630,71.8427,66.81666666666666,22.958333333333332,"Beans, dry",6262
Ethiopia,2001,630,71.8427,66.81666666666666,22.958333333333332,"Coffee, green",6445
Ethiopia,2001,630,71.8427,66.81666666666666,22.958333333333332,Potatoes,92222
Ethiopia,2001,630,71.8427,66.81666666666666,22.958333333333332,Tea,8938
Kenya,2001,1578,29.0331,51.86666666666665,25.100000000000005,"Beans, dry",3808
Kenya,2001,1578,29.0331,51.86666666666665,25.100000000000005,"Coffee, green",3041
Kenya,2001,1578,29.0331,51.86666666666665,25.100000000000005,Potatoes,91596
Kenya,2001,1578,29.0331,51.86666666666665,25.100000000000005,Tea,23704
Madagascar,2001,88,18.9138,124.23333333333335,22.49166666666667,"Beans, dry",9044
Madagascar,2001,88,18.9138,124.23333333333335,22.49166666666667,"Coffee, green",3337
Madagascar,2001,88,18.9138,124.23333333333335,22.49166666666667,Potatoes,59661
Madagascar,2001,88,18.9138,124.23333333333335,22.49166666666667,Tea,18299
Malawi,2001,170,3.4634,95.25000000000001,22.358333333333334,"Beans, dry",5075
Malawi,2001,170,3.4634,95.25000000000001,22.358333333333334,"Coffee, green",9600
Malawi,2001,170,3.4634,95.25000000000001,22.358333333333334,Potatoes,135370
Malawi,2001,170,3.4634,95.25000000000001,22.358333333333334,Tea,19574
Mauritius,2001,701,0.3476,126.175,23.600000000000005,Potatoes,209884
Mauritius,2001,701,0.3476,126.175,23.600000000000005,Tea,22985
Mozambique,2001,35,4.7156,96.13333333333333,24.099999999999998,"Coffee, green",7103
Mozambique,2001,35,4.7156,96.13333333333333,24.099999999999998,Potatoes,127716
Mozambique,2001,35,4.7156,96.13333333333333,24.099999999999998,Tea,17036
Rwanda,2001,72,2.8439,114.76666666666667,19.566666666666666,"Beans, dry",7040
Rwanda,2001,72,2.8439,114.76666666666667,19.566666666666666,"Coffee, green",7064
Rwanda,2001,72,2.8439,114.76666666666667,19.566666666666666,Potatoes,86222
Rwanda,2001,72,2.8439,114.76666666666667,19.566666666666666,Tea,13891
Seychelles,2001,19,0.014,161.83333333333334,27.366666666666664,Tea,5310
Uganda,2001,88,17.1998,103.0,23.48333333333333,"Beans, dry",6990
Uganda,2001,88,17.1998,103.0,23.48333333333333,"Coffee, green",7478
Uganda,2001,88,17.1998,103.0,23.48333333333333,Potatoes,69589
Uganda,2001,88,17.1998,103.0,23.48333333333333,Tea,20847
Zambia,2001,1670,14.8911,89.21666666666665,22.225000000000005,"Coffee, green",9763
Zambia,2001,1670,14.8911,89.21666666666665,22.225000000000005,Potatoes,107047
Zambia,2001,1670,14.8911,89.21666666666665,22.225000000000005,Tea,11000
Zimbabwe,2001,2989,14.1033,71.65833333333335,21.53333333333333,"Beans, dry",4769
Zimbabwe,2001,2989,14.1033,71.65833333333335,21.53333333333333,"Coffee, green",13669
Zimbabwe,2001,2989,14.1033,71.65833333333335,21.53333333333333,Potatoes,143881
Zimbabwe,2001,2989,14.1033,71.65833333333335,21.53333333333333,Tea,29247
Burundi,2002,98,2.8487,105.87500000000001,21.00833333333333,"Beans, dry",9061
Burundi,2002,98,2.8487,105.87500000000001,21.00833333333333,"Coffee, green",9589
Burundi,2002,98,2.8487,105.87500000000001,21.00833333333333,Potatoes,25551
Burundi,2002,98,2.8487,105.87500000000001,21.00833333333333,Tea,39159
Comoros,2002,1,0.1508,158.34166666666667,24.383333333333336,"Coffee, green",1499
Comoros,2002,1,0.1508,158.34166666666667,24.383333333333336,Potatoes,140800
Eritrea,2002,28,4.5867,21.650000000000002,27.225000000000005,"Beans, dry",912
Eritrea,2002,28,4.5867,21.650000000000002,27.225000000000005,Potatoes,61120
Ethiopia,2002,823,81.4319,60.26666666666667,23.400000000000002,"Beans, dry",4772
Ethiopia,2002,823,81.4319,60.26666666666667,23.400000000000002,"Coffee, green",7339
Ethiopia,2002,823,81.4319,60.26666666666667,23.400000000000002,Potatoes,104872
Ethiopia,2002,823,81.4319,60.26666666666667,23.400000000000002,Tea,9127
Kenya,2002,1578,29.9823,65.44166666666668,25.391666666666666,"Beans, dry",5177
Kenya,2002,1578,29.9823,65.44166666666668,25.391666666666666,"Coffee, green",3053
Kenya,2002,1578,29.9823,65.44166666666668,25.391666666666666,Potatoes,77113
Kenya,2002,1578,29.9823,65.44166666666668,25.391666666666666,Tea,21837
Madagascar,2002,241,17.5471,130.53333333333333,22.525000000000002,"Beans, dry",8481
Madagascar,2002,241,17.5471,130.53333333333333,22.525000000000002,"Coffee, green",3179
Madagascar,2002,241,17.5471,130.53333333333333,22.525000000000002,Potatoes,59621
Madagascar,2002,241,17.5471,130.53333333333333,22.525000000000002,Tea,15403
Malawi,2002,129,4.2633,80.69166666666666,22.525000000000002,"Beans, dry",4318
Malawi,2002,129,4.2633,80.69166666666666,22.525000000000002,"Coffee, green",9215
Malawi,2002,129,4.2633,80.69166666666666,22.525000000000002,Potatoes,126773
Malawi,2002,129,4.2633,80.69166666666666,22.525000000000002,Tea,20851
Mauritius,2002,745,0.4062,153.0916666666667,23.575,Potatoes,220116
Mauritius,2002,745,0.4062,153.0916666666667,23.575,Tea,20309
Mozambique,2002,29,5.0927,72.14166666666667,24.266666666666666,"Beans, dry",4017
Mozambique,2002,29,5.0927,72.14166666666667,24.266666666666666,"Coffee, green",7439
Mozambique,2002,29,5.0927,72.14166666666667,24.266666666666666,Potatoes,128847
Mozambique,2002,29,5.0927,72.14166666666667,24.266666666666666,Tea,17471
Rwanda,2002,106,2.9339,96.44999999999999,19.8,"Beans, dry",6897
Rwanda,2002,106,2.9339,96.44999999999999,19.8,"Coffee, green",6938
Rwanda,2002,106,2.9339,96.44999999999999,19.8,Potatoes,83133
Rwanda,2002,106,2.9339,96.44999999999999,19.8,Tea,11914
Seychelles,2002,19,0.0139,193.60000000000002,27.433333333333337,Tea,5261
Uganda,2002,88,17.9354,102.55833333333334,23.825,"Beans, dry",6993
Uganda,2002,88,17.9354,102.55833333333334,23.825,"Coffee, green",9634
Uganda,2002,88,17.9354,102.55833333333334,23.825,Potatoes,70000
Uganda,2002,88,17.9354,102.55833333333334,23.825,Tea,17944
Zambia,2002,1670,15.2135,74.93333333333334,22.425,"Coffee, green",9257
Zambia,2002,1670,15.2135,74.93333333333334,22.425,Potatoes,117223
Zambia,2002,1670,15.2135,74.93333333333334,22.425,Tea,12500
Zimbabwe,2002,3024,12.6265,35.74166666666667,21.783333333333335,"Beans, dry",4642
Zimbabwe,2002,3024,12.6265,35.74166666666667,21.783333333333335,"Coffee, green",13879
Zimbabwe,2002,3024,12.6265,35.74166666666667,21.783333333333335,Potatoes,139951
Zimbabwe,2002,3024,12.6265,35.74166666666667,21.783333333333335,Tea,28336
Burundi,2003,264,2.8719,103.55833333333334,21.124999999999996,"Beans, dry",9029
Burundi,2003,264,2.8719,103.55833333333334,21.124999999999996,"Coffee, green",9644
Burundi,2003,264,2.8719,103.55833333333334,21.124999999999996,Potatoes,25703
Burundi,2003,264,2.8719,103.55833333333334,21.124999999999996,Tea,40638
Comoros,2003,1,0.1356,136.85,24.433333333333337,"Coffee, green",1504
Comoros,2003,1,0.1356,136.85,24.433333333333337,Potatoes,142857
Eritrea,2003,28,4.7178,26.849999999999994,26.941666666666666,"Beans, dry",697
Eritrea,2003,28,4.7178,26.849999999999994,26.941666666666666,Potatoes,43400
Ethiopia,2003,1015,78.4631,64.10833333333333,23.13333333333333,"Beans, dry",6471
Ethiopia,2003,1015,78.4631,64.10833333333333,23.13333333333333,"Coffee, green",5429
Ethiopia,2003,1015,78.4631,64.10833333333333,23.13333333333333,Potatoes,93349
Ethiopia,2003,1015,78.4631,64.10833333333333,23.13333333333333,Tea,9689
Kenya,2003,1578,31.8553,51.241666666666674,25.349999999999998,"Beans, dry",4780
Kenya,2003,1578,31.8553,51.241666666666674,25.349999999999998,"Coffee, green",3261
Kenya,2003,1578,31.8553,51.241666666666674,25.349999999999998,Potatoes,96729
Kenya,2003,1578,31.8553,51.241666666666674,25.349999999999998,Tea,22341
Madagascar,2003,147,17.9326,119.59999999999998,22.700000000000003,"Beans, dry",9034
Madagascar,2003,147,17.9326,119.59999999999998,22.700000000000003,"Coffee, green",3631
Madagascar,2003,147,17.9326,119.59999999999998,22.700000000000003,Potatoes,51036
Madagascar,2003,147,17.9326,119.59999999999998,22.700000000000003,Tea,17015
Malawi,2003,89,4.455,81.99166666666667,22.616666666666664,"Beans, dry",4719
Malawi,2003,89,4.455,81.99166666666667,22.616666666666664,"Coffee, green",10382
Malawi,2003,89,4.455,81.99166666666667,22.616666666666664,Potatoes,130916
Malawi,2003,89,4.455,81.99166666666667,22.616666666666664,Tea,22303
Mauritius,2003,829,0.3997,160.44999999999996,23.741666666666664,Potatoes,210187
Mauritius,2003,829,0.3997,160.44999999999996,23.741666666666664,Tea,21087
Mozambique,2003,267,4.5313,80.2,24.375,"Beans, dry",3397
Mozambique,2003,267,4.5313,80.2,24.375,"Coffee, green",7863
Mozambique,2003,267,4.5313,80.2,24.375,Potatoes,130177
Mozambique,2003,267,4.5313,80.2,24.375,Tea,17579
Rwanda,2003,141,3.2444,100.43333333333334,19.81666666666667,"Beans, dry",6715
Rwanda,2003,141,3.2444,100.43333333333334,19.81666666666667,"Coffee, green",6903
Rwanda,2003,141,3.2444,100.43333333333334,19.81666666666667,Potatoes,82084
Rwanda,2003,141,3.2444,100.43333333333334,19.81666666666667,Tea,12387
Seychelles,2003,19,0.0148,204.35833333333332,27.5,Tea,5220
Uganda,2003,88,18.8438,100.03333333333335,23.733333333333334,"Beans, dry",6731
Uganda,2003,88,18.8438,100.03333333333335,23.733333333333334,"Coffee, green",5715
Uganda,2003,88,18.8438,100.03333333333335,23.733333333333334,Potatoes,69625
Uganda,2003,88,18.8438,100.03333333333335,23.733333333333334,Tea,18448
Zambia,2003,1670,15.242,83.53333333333335,22.53333333333333,"Coffee, green",9208
Zambia,2003,1670,15.242,83.53333333333335,22.53333333333333,Potatoes,140000
Zambia,2003,1670,15.242,83.53333333333335,22.53333333333333,Tea,13240
Zimbabwe,2003,3059,12.4088,49.21666666666667,21.900000000000002,"Beans, dry",6909
Zimbabwe,2003,3059,12.4088,49.21666666666667,21.900000000000002,"Coffee, green",14286
Zimbabwe,2003,3059,12.4088,49.21666666666667,21.900000000000002,Potatoes,135749
Zimbabwe,2003,3059,12.4088,49.21666666666667,21.900000000000002,Tea,27339
Burundi,2004,508,2.9575,80.70833333333333,20.666666666666668,"Beans, dry",9176
Burundi,2004,508,2.9575,80.70833333333333,20.666666666666668,"Coffee, green",9739
Burundi,2004,508,2.9575,80.70833333333333,20.666666666666668,Potatoes,26138
Burundi,2004,508,2.9575,80.70833333333333,20.666666666666668,Tea,42722
Comoros,2004,1,0.1373,151.58333333333331,24.316666666666666,"Coffee, green",1495
Comoros,2004,1,0.1373,151.58333333333331,24.316666666666666,Potatoes,143000
Eritrea,2004,28,4.7775,19.191666666666666,26.833333333333332,"Beans, dry",1999
Eritrea,2004,28,4.7775,19.191666666666666,26.833333333333332,Potatoes,64000
Ethiopia,2004,1208,80.7709,66.93333333333332,23.083333333333332,"Beans, dry",7144
Ethiopia,2004,1208,80.7709,66.93333333333332,23.083333333333332,"Coffee, green",6002
Ethiopia,2004,1208,80.7709,66.93333333333332,23.083333333333332,Potatoes,98595
Ethiopia,2004,1208,80.7709,66.93333333333332,23.083333333333332,Tea,9481
Kenya,2004,1578,33.7807,52.824999999999996,25.066666666666666,"Beans, dry",3526
Kenya,2004,1578,33.7807,52.824999999999996,25.066666666666666,"Coffee, green",2849
Kenya,2004,1578,33.7807,52.824999999999996,25.066666666666666,Potatoes,84401
Kenya,2004,1578,33.7807,52.824999999999996,25.066666666666666,Tea,23745
Madagascar,2004,68,18.1631,126.4666666666667,22.46666666666667,"Beans, dry",8430
Madagascar,2004,68,18.1631,126.4666666666667,22.46666666666667,"Coffee, green",3498
Madagascar,2004,68,18.1631,126.4666666666667,22.46666666666667,Potatoes,56139
Madagascar,2004,68,18.1631,126.4666666666667,22.46666666666667,Tea,10896
Malawi,2004,48,4.743,94.46666666666665,22.46666666666667,"Beans, dry",3647
Malawi,2004,48,4.743,94.46666666666665,22.46666666666667,"Coffee, green",6974
Malawi,2004,48,4.743,94.46666666666665,22.46666666666667,Potatoes,120873
Malawi,2004,48,4.743,94.46666666666665,22.46666666666667,Tea,26795
Mauritius,2004,782,0.3914,151.49166666666667,23.599999999999994,Potatoes,185272
Mauritius,2004,782,0.3914,151.49166666666667,23.599999999999994,Tea,21988
Mozambique,2004,573,4.8363,92.10833333333335,24.26666666666667,"Beans, dry",3333
Mozambique,2004,573,4.8363,92.10833333333335,24.26666666666667,"Coffee, green",8523
Mozambique,2004,573,4.8363,92.10833333333335,24.26666666666667,Potatoes,129863
Mozambique,2004,573,4.8363,92.10833333333335,24.26666666666667,Tea,18225
Rwanda,2004,160,3.4351,70.825,19.55,"Beans, dry",6207
Rwanda,2004,160,3.4351,70.825,19.55,"Coffee, green",6902
Rwanda,2004,160,3.4351,70.825,19.55,Potatoes,80407
Rwanda,2004,160,3.4351,70.825,19.55,Tea,12387
Seychelles,2004,19,0.0123,185.04166666666666,27.25,Tea,4756
Uganda,2004,88,19.2253,96.51666666666667,23.741666666666664,"Beans, dry",5603
Uganda,2004,88,19.2253,96.51666666666667,23.741666666666664,"Coffee, green",6442
Uganda,2004,88,19.2253,96.51666666666667,23.741666666666664,Potatoes,69036
Uganda,2004,88,19.2253,96.51666666666667,23.741666666666664,Tea,18699
Zambia,2004,1670,15.6121,91.3583333333333,22.316666666666666,"Coffee, green",9091
Zambia,2004,1670,15.6121,91.3583333333333,22.316666666666666,Potatoes,133911
Zambia,2004,1670,15.6121,91.3583333333333,22.316666666666666,Tea,14545
Zimbabwe,2004,3094,11.8941,62.29999999999999,21.958333333333332,"Beans, dry",8278
Zimbabwe,2004,3094,11.8941,62.29999999999999,21.958333333333332,"Coffee, green",12889
Zimbabwe,2004,3094,11.8941,62.29999999999999,21.958333333333332,Potatoes,126909
Zimbabwe,2004,3094,11.8941,62.29999999999999,21.958333333333332,Tea,26275
Burundi,2005,305,3.0276,88.14166666666667,20.874999999999996,"Beans, dry",7811
Burundi,2005,305,3.0276,88.14166666666667,20.874999999999996,"Coffee, green",9413
Burundi,2005,305,3.0276,88.14166666666667,20.874999999999996,Potatoes,25483
Burundi,2005,305,3.0276,88.14166666666667,20.874999999999996,Tea,44482
Comoros,2005,1,0.1389,147.01666666666668,24.625,"Coffee, green",1500
Comoros,2005,1,0.1389,147.01666666666668,24.625,Potatoes,142143
Eritrea,2005,28,4.9113,26.73333333333333,27.11666666666667,"Beans, dry",744
Eritrea,2005,28,4.9113,26.73333333333333,27.11666666666667,Potatoes,79311
Ethiopia,2005,1401,84.3908,70.425,23.175,"Beans, dry",8770
Ethiopia,2005,1401,84.3908,70.425,23.175,"Coffee, green",6571
Ethiopia,2005,1401,84.3908,70.425,23.175,Potatoes,72801
Ethiopia,2005,1401,84.3908,70.425,23.175,Tea,9600
Kenya,2005,1578,33.4375,43.708333333333336,24.974999999999998,"Beans, dry",3696
Kenya,2005,1578,33.4375,43.708333333333336,24.974999999999998,"Coffee, green",2659
Kenya,2005,1578,33.4375,43.708333333333336,24.974999999999998,Potatoes,200000
Kenya,2005,1578,33.4375,43.708333333333336,24.974999999999998,Tea,23248
Madagascar,2005,115,20.5388,119.14166666666667,22.65833333333333,"Beans, dry",10509
Madagascar,2005,115,20.5388,119.14166666666667,22.65833333333333,"Coffee, green",4825
Madagascar,2005,115,20.5388,119.14166666666667,22.65833333333333,Potatoes,58561
Madagascar,2005,115,20.5388,119.14166666666667,22.65833333333333,Tea,10324
Malawi,2005,296,4.6193,71.60833333333332,23.258333333333336,"Beans, dry",3667
Malawi,2005,296,4.6193,71.60833333333332,23.258333333333336,"Coffee, green",7873
Malawi,2005,296,4.6193,71.60833333333332,23.258333333333336,Potatoes,90371
Malawi,2005,296,4.6193,71.60833333333332,23.258333333333336,Tea,21111
Mauritius,2005,808,0.3782,185.45833333333334,23.45,Potatoes,213306
Mauritius,2005,808,0.3782,185.45833333333334,23.45,Tea,20701
Mozambique,2005,771,5.3173,69.11666666666667,24.933333333333334,"Beans, dry",2071
Mozambique,2005,771,5.3173,69.11666666666667,24.933333333333334,"Coffee, green",8500
Mozambique,2005,771,5.3173,69.11666666666667,24.933333333333334,Potatoes,131332
Mozambique,2005,771,5.3173,69.11666666666667,24.933333333333334,Tea,19048
Rwanda,2005,223,3.6323,81.26666666666667,19.566666666666666,"Beans, dry",6378
Rwanda,2005,223,3.6323,81.26666666666667,19.566666666666666,"Coffee, green",6277
Rwanda,2005,223,3.6323,81.26666666666667,19.566666666666666,Potatoes,96891
Rwanda,2005,223,3.6323,81.26666666666667,19.566666666666666,Tea,12393
Seychelles,2005,19,0.0121,156.95833333333334,27.399999999999995,Tea,4932
Uganda,2005,88,19.7348,88.31666666666666,23.75,"Beans, dry",5773
Uganda,2005,88,19.7348,88.31666666666666,23.75,"Coffee, green",6011
Uganda,2005,88,19.7348,88.31666666666666,23.75,Potatoes,68023
Uganda,2005,88,19.7348,88.31666666666666,23.75,Tea,18773
Zambia,2005,1670,15.7718,70.575,23.233333333333334,"Coffee, green",9000
Zambia,2005,1670,15.7718,70.575,23.233333333333334,Potatoes,144245
Zambia,2005,1670,15.7718,70.575,23.233333333333334,Tea,14055
Zimbabwe,2005,3129,11.6503,48.241666666666674,22.724999999999998,"Beans, dry",4527
Zimbabwe,2005,3129,11.6503,48.241666666666674,22.724999999999998,"Coffee, green",11000
Zimbabwe,2005,3129,11.6503,48.241666666666674,22.724999999999998,Potatoes,121582
Zimbabwe,2005,3129,11.6503,48.241666666666674,22.724999999999998,Tea,25004
Burundi,2006,191,3.1588,112.91666666666667,20.641666666666666,"Beans, dry",9085
Burundi,2006,191,3.1588,112.91666666666667,20.641666666666666,"Coffee, green",9769
Burundi,2006,191,3.1588,112.91666666666667,20.641666666666666,Potatoes,26176
Burundi,2006,191,3.1588,112.91666666666667,20.641666666666666,Tea,37545
Comoros,2006,1,0.1445,173.1916666666667,24.48333333333333,"Coffee, green",1482
Comoros,2006,1,0.1445,173.1916666666667,24.48333333333333,Potatoes,142857
Eritrea,2006,28,4.6981,24.09166666666667,26.808333333333334,"Beans, dry",1316
Eritrea,2006,28,4.6981,24.09166666666667,26.808333333333334,Potatoes,78493
Ethiopia,2006,2603,91.144,71.66666666666667,23.100000000000005,"Beans, dry",8457
Ethiopia,2006,2603,91.144,71.66666666666667,23.100000000000005,"Coffee, green",8179
Ethiopia,2006,2603,91.144,71.66666666666667,23.100000000000005,Potatoes,72801
Ethiopia,2006,2603,91.144,71.66666666666667,23.100000000000005,Tea,9759
Kenya,2006,1578,32.0732,64.1,25.11666666666667,"Beans, dry",5343
Kenya,2006,1578,32.0732,64.1,25.11666666666667,"Coffee, green",2841
Kenya,2006,1578,32.0732,64.1,25.11666666666667,Potatoes,200000
Kenya,2006,1578,32.0732,64.1,25.11666666666667,Tea,21116
Madagascar,2006,109,20.6331,122.76666666666667,22.558333333333334,"Beans, dry",10507
Madagascar,2006,109,20.6331,122.76666666666667,22.558333333333334,"Coffee, green",5355
Madagascar,2006,109,20.6331,122.76666666666667,22.558333333333334,Potatoes,58565
Madagascar,2006,109,20.6331,122.76666666666667,22.558333333333334,Tea,10382
Malawi,2006,202,5.3702,79.85833333333333,22.59166666666667,"Beans, dry",4835
Malawi,2006,202,5.3702,79.85833333333333,22.59166666666667,"Coffee, green",9957
Malawi,2006,202,5.3702,79.85833333333333,22.59166666666667,Potatoes,133445
Malawi,2006,202,5.3702,79.85833333333333,22.59166666666667,Tea,23689
Mauritius,2006,856,0.3538,167.65833333333333,23.633333333333336,Potatoes,238105
Mauritius,2006,856,0.3538,167.65833333333333,23.633333333333336,Tea,22776
Mozambique,2006,893,5.0026,77.84999999999998,24.400000000000002,"Beans, dry",2742
Mozambique,2006,893,5.0026,77.84999999999998,24.400000000000002,"Coffee, green",8537
Mozambique,2006,893,5.0026,77.84999999999998,24.400000000000002,Potatoes,132353
Mozambique,2006,893,5.0026,77.84999999999998,24.400000000000002,Tea,18591
Rwanda,2006,289,3.9288,108.42500000000001,19.45,"Beans, dry",7952
Rwanda,2006,289,3.9288,108.42500000000001,19.45,"Coffee, green",7227
Rwanda,2006,289,3.9288,108.42500000000001,19.45,Potatoes,91740
Rwanda,2006,289,3.9288,108.42500000000001,19.45,Tea,14448
Seychelles,2006,19,0.0118,161.025,27.500000000000004,Tea,4846
Uganda,2006,88,20.1115,107.05833333333334,23.575000000000003,"Beans, dry",4994
Uganda,2006,88,20.1115,107.05833333333334,23.575000000000003,"Coffee, green",6060
Uganda,2006,88,20.1115,107.05833333333334,23.575000000000003,Potatoes,69778
Uganda,2006,88,20.1115,107.05833333333334,23.575000000000003,Tea,17976
Zambia,2006,1670,16.1466,85.21666666666665,22.10833333333333,"Coffee, green",9141
Zambia,2006,1670,16.1466,85.21666666666665,22.10833333333333,Potatoes,140000
Zambia,2006,1670,16.1466,85.21666666666665,22.10833333333333,Tea,15000
Zimbabwe,2006,3164,11.7707,60.425000000000004,21.825000000000003,"Beans, dry",4595
Zimbabwe,2006,3164,11.7707,60.425000000000004,21.825000000000003,"Coffee, green",7200
Zimbabwe,2006,3164,11.7707,60.425000000000004,21.825000000000003,Potatoes,115926
Zimbabwe,2006,3164,11.7707,60.425000000000004,21.825000000000003,Tea,22309
Burundi,2007,413,3.2056,105.47500000000001,20.650000000000002,"Beans, dry",9120
Burundi,2007,413,3.2056,105.47500000000001,20.650000000000002,"Coffee, green",10655
Burundi,2007,413,3.2056,105.47500000000001,20.650000000000002,Potatoes,29124
Burundi,2007,413,3.2056,105.47500000000001,20.650000000000002,Tea,41003
Comoros,2007,0,0.1448,134.21666666666667,24.766666666666666,"Coffee, green",1476
Comoros,2007,0,0.1448,134.21666666666667,24.766666666666666,Potatoes,143261
Eritrea,2007,28,5.0467,27.05,26.716666666666665,"Beans, dry",1176
Eritrea,2007,28,5.0467,27.05,26.716666666666665,Potatoes,24508
Ethiopia,2007,2594,101.1133,70.10833333333333,22.983333333333334,"Beans, dry",7971
Ethiopia,2007,2594,101.1133,70.10833333333333,22.983333333333334,"Coffee, green",6715
Ethiopia,2007,2594,101.1133,70.10833333333333,22.983333333333334,Potatoes,71914
Ethiopia,2007,2594,101.1133,70.10833333333333,22.983333333333334,Tea,9986
Kenya,2007,1578,50.3305,57.71666666666666,25.00833333333334,"Beans, dry",5079
Kenya,2007,1578,50.3305,57.71666666666666,25.00833333333334,"Coffee, green",3274
Kenya,2007,1578,50.3305,57.71666666666666,25.00833333333334,Potatoes,200000
Kenya,2007,1578,50.3305,57.71666666666666,25.00833333333334,Tea,24774
Madagascar,2007,94,20.8436,122.19166666666666,22.658333333333335,"Beans, dry",10513
Madagascar,2007,94,20.8436,122.19166666666666,22.658333333333335,"Coffee, green",5056
Madagascar,2007,94,20.8436,122.19166666666666,22.658333333333335,Potatoes,59881
Madagascar,2007,94,20.8436,122.19166666666666,22.658333333333335,Tea,10841
Malawi,2007,524,5.8271,89.35833333333333,22.641666666666666,"Beans, dry",4942
Malawi,2007,524,5.8271,89.35833333333333,22.641666666666666,"Coffee, green",9353
Malawi,2007,524,5.8271,89.35833333333333,22.641666666666666,Potatoes,151922
Malawi,2007,524,5.8271,89.35833333333333,22.641666666666666,Tea,24687
Mauritius,2007,734,0.3823,150.13333333333335,23.641666666666666,Potatoes,251918
Mauritius,2007,734,0.3823,150.13333333333335,23.641666666666666,Tea,22045
Mozambique,2007,549,5.3458,82.35000000000001,24.466666666666665,"Beans, dry",2795
Mozambique,2007,549,5.3458,82.35000000000001,24.466666666666665,"Coffee, green",8675
Mozambique,2007,549,5.3458,82.35000000000001,24.466666666666665,Potatoes,133333
Mozambique,2007,549,5.3458,82.35000000000001,24.466666666666665,Tea,18636
Rwanda,2007,398,4.1775,106.79166666666667,19.48333333333333,"Beans, dry",9185
Rwanda,2007,398,4.1775,106.79166666666667,19.48333333333333,"Coffee, green",4606
Rwanda,2007,398,4.1775,106.79166666666667,19.48333333333333,Potatoes,77618
Rwanda,2007,398,4.1775,106.79166666666667,19.48333333333333,Tea,17538
Seychelles,2007,19,0.0127,144.80000000000004,27.691666666666663,Tea,4826
Uganda,2007,88,20.6663,118.50833333333334,23.658333333333335,"Beans, dry",5000
Uganda,2007,88,20.6663,118.50833333333334,23.658333333333335,"Coffee, green",6152
Uganda,2007,88,20.6663,118.50833333333334,23.658333333333335,Potatoes,69892
Uganda,2007,88,20.6663,118.50833333333334,23.658333333333335,Tea,20420
Zambia,2007,1670,15.8139,80.10000000000001,22.2,"Coffee, green",9107
Zambia,2007,1670,15.8139,80.10000000000001,22.2,Potatoes,131818
Zambia,2007,1670,15.8139,80.10000000000001,22.2,Tea,14309
Zimbabwe,2007,3200,11.7398,56.09166666666666,21.958333333333332,"Beans, dry",6216
Zimbabwe,2007,3200,11.7398,56.09166666666666,21.958333333333332,"Coffee, green",4895
Zimbabwe,2007,3200,11.7398,56.09166666666666,21.958333333333332,Potatoes,110179
Zimbabwe,2007,3200,11.7398,56.09166666666666,21.958333333333332,Tea,20814
Burundi,2008,456,3.3352,99.09166666666665,20.466666666666665,"Beans, dry",8821
Burundi,2008,456,3.3352,99.09166666666665,20.466666666666665,"Coffee, green",9303
Burundi,2008,456,3.3352,99.09166666666665,20.466666666666665,Potatoes,26273
Burundi,2008,456,3.3352,99.09166666666665,20.466666666666665,Tea,38703
Comoros,2008,0,0.1464,146.93333333333334,24.349999999999998,"Coffee, green",1471
Comoros,2008,0,0.1464,146.93333333333334,24.349999999999998,Potatoes,146250
Eritrea,2008,28,4.9928,21.108333333333334,26.875,"Beans, dry",1026
Eritrea,2008,28,4.9928,21.108333333333334,26.875,Potatoes,8406
Ethiopia,2008,2271,105.5625,70.09166666666665,22.900000000000002,"Beans, dry",9563
Ethiopia,2008,2271,105.5625,70.09166666666665,22.900000000000002,"Coffee, green",6651
Ethiopia,2008,2271,105.5625,70.09166666666665,22.900000000000002,Potatoes,79723
Ethiopia,2008,2271,105.5625,70.09166666666665,22.900000000000002,Tea,9858
Kenya,2008,1578,50.8128,55.10833333333334,24.974999999999998,"Beans, dry",4128
Kenya,2008,1578,50.8128,55.10833333333334,24.974999999999998,"Coffee, green",2710
Kenya,2008,1578,50.8128,55.10833333333334,24.974999999999998,Potatoes,214815
Kenya,2008,1578,50.8128,55.10833333333334,24.974999999999998,Tea,21928
Madagascar,2008,112,21.1524,124.69166666666666,22.36666666666667,"Beans, dry",10423
Madagascar,2008,112,21.1524,124.69166666666666,22.36666666666667,"Coffee, green",4830
Madagascar,2008,112,21.1524,124.69166666666666,22.36666666666667,Potatoes,59912
Madagascar,2008,112,21.1524,124.69166666666666,22.36666666666667,Tea,7130
Malawi,2008,625,6.4244,88.79166666666667,22.375,"Beans, dry",4791
Malawi,2008,625,6.4244,88.79166666666667,22.375,"Coffee, green",8631
Malawi,2008,625,6.4244,88.79166666666667,22.375,Potatoes,146009
Malawi,2008,625,6.4244,88.79166666666667,22.375,Tea,24100
Mauritius,2008,827,0.3589,161.03333333333336,23.58333333333333,Potatoes,229444
Mauritius,2008,827,0.3589,161.03333333333336,23.58333333333333,Tea,23761
Mozambique,2008,891,6.266,80.06666666666668,24.28333333333333,"Beans, dry",2745
Mozambique,2008,891,6.266,80.06666666666668,24.28333333333333,"Coffee, green",8690
Mozambique,2008,891,6.266,80.06666666666668,24.28333333333333,Potatoes,140000
Mozambique,2008,891,6.266,80.06666666666668,24.28333333333333,Tea,19842
Rwanda,2008,322,4.4094,91.02499999999998,19.375000000000004,"Beans, dry",9151
Rwanda,2008,322,4.4094,91.02499999999998,19.375000000000004,"Coffee, green",4831
Rwanda,2008,322,4.4094,91.02499999999998,19.375000000000004,Potatoes,91329
Rwanda,2008,322,4.4094,91.02499999999998,19.375000000000004,Tea,16784
Seychelles,2008,19,0.0113,133.85833333333332,27.383333333333336,Tea,4724
Uganda,2008,88,28.5637,103.31666666666668,23.583333333333332,"Beans, dry",14009
Uganda,2008,88,28.5637,103.31666666666668,23.583333333333332,"Coffee, green",6137
Uganda,2008,88,28.5637,103.31666666666668,23.583333333333332,Potatoes,47419
Uganda,2008,88,28.5637,103.31666666666668,23.583333333333332,Tea,20385
Zambia,2008,1670,15.6086,84.04166666666666,22.008333333333336,"Coffee, green",9161
Zambia,2008,1670,15.6086,84.04166666666666,22.008333333333336,Potatoes,101051
Zambia,2008,1670,15.6086,84.04166666666666,22.008333333333336,Tea,14227
Zimbabwe,2008,3235,11.2157,47.333333333333336,21.875,"Beans, dry",5000
Zimbabwe,2008,3235,11.2157,47.333333333333336,21.875,"Coffee, green",4976
Zimbabwe,2008,3235,11.2157,47.333333333333336,21.875,Potatoes,104251
Zimbabwe,2008,3235,11.2157,47.333333333333336,21.875,Tea,19068
Burundi,2009,178,3.4936,101.17500000000003,20.925000000000004,"Beans, dry",9421
Burundi,2009,178,3.4936,101.17500000000003,20.925000000000004,"Coffee, green",7891
Burundi,2009,178,3.4936,101.17500000000003,20.925000000000004,Potatoes,27711
Burundi,2009,178,3.4936,101.17500000000003,20.925000000000004,Tea,38753
Comoros,2009,0,0.1468,133.69166666666666,24.683333333333334,"Coffee, green",1462
Comoros,2009,0,0.1468,133.69166666666666,24.683333333333334,Potatoes,146154
Eritrea,2009,28,5.0514,17.849999999999998,27.541666666666668,"Beans, dry",938
Eritrea,2009,28,5.0514,17.849999999999998,27.541666666666668,Potatoes,12000
Ethiopia,2009,3699,110.4186,63.06666666666666,23.625,"Beans, dry",12254
Ethiopia,2009,3699,110.4186,63.06666666666666,23.625,"Coffee, green",6721
Ethiopia,2009,3699,110.4186,63.06666666666666,23.625,Potatoes,82015
Ethiopia,2009,3699,110.4186,63.06666666666666,23.625,Tea,9986
Kenya,2009,1578,49.102,54.6,25.566666666666663,"Beans, dry",4844
Kenya,2009,1578,49.102,54.6,25.566666666666663,"Coffee, green",3375
Kenya,2009,1578,49.102,54.6,25.566666666666663,Potatoes,191199
Kenya,2009,1578,49.102,54.6,25.566666666666663,Tea,19849
Madagascar,2009,144,21.3685,125.26666666666667,22.641666666666666,"Beans, dry",10501
Madagascar,2009,144,21.3685,125.26666666666667,22.641666666666666,"Coffee, green",4831
Madagascar,2009,144,21.3685,125.26666666666667,22.641666666666666,Potatoes,59915
Madagascar,2009,144,21.3685,125.26666666666667,22.641666666666666,Tea,6618
Malawi,2009,736,6.2964,90.56666666666668,22.458333333333332,"Beans, dry",6022
Malawi,2009,736,6.2964,90.56666666666668,22.458333333333332,"Coffee, green",18367
Malawi,2009,736,6.2964,90.56666666666668,22.458333333333332,Potatoes,161923
Malawi,2009,736,6.2964,90.56666666666668,22.458333333333332,Tea,24327
Mauritius,2009,842,0.3535,161.45000000000002,24.075000000000003,Potatoes,231096
Mauritius,2009,842,0.3535,161.45000000000002,24.075000000000003,Tea,20771
Mozambique,2009,915,5.3802,75.45833333333333,24.349999999999998,"Beans, dry",2600
Mozambique,2009,915,5.3802,75.45833333333333,24.349999999999998,"Coffee, green",8706
Mozambique,2009,915,5.3802,75.45833333333333,24.349999999999998,Potatoes,145000
Mozambique,2009,915,5.3802,75.45833333333333,24.349999999999998,Tea,17045
Rwanda,2009,1188,4.5017,100.35833333333333,19.841666666666665,"Beans, dry",9441
Rwanda,2009,1188,4.5017,100.35833333333333,19.841666666666665,"Coffee, green",6720
Rwanda,2009,1188,4.5017,100.35833333333333,19.841666666666665,Potatoes,102216
Rwanda,2009,1188,4.5017,100.35833333333333,19.841666666666665,Tea,16428
Seychelles,2009,19,0.0098,162.625,27.75,Tea,4667
Uganda,2009,88,29.2625,97.95,24.125,"Beans, dry",15016
Uganda,2009,88,29.2625,97.95,24.125,"Coffee, green",6121
Uganda,2009,88,29.2625,97.95,24.125,Potatoes,46286
Uganda,2009,88,29.2625,97.95,24.125,Tea,19465
Zambia,2009,1670,17.13,85.93333333333334,22.258333333333336,"Coffee, green",9116
Zambia,2009,1670,17.13,85.93333333333334,22.258333333333336,Potatoes,172628
Zambia,2009,1670,17.13,85.93333333333334,22.258333333333336,Tea,14155
Zimbabwe,2009,3270,12.4248,54.041666666666664,21.941666666666674,"Beans, dry",4784
Zimbabwe,2009,3270,12.4248,54.041666666666664,21.941666666666674,"Coffee, green",3818
Zimbabwe,2009,3270,12.4248,54.041666666666664,21.941666666666674,Potatoes,98203
Zimbabwe,2009,3270,12.4248,54.041666666666664,21.941666666666674,Tea,17473
Burundi,2010,265,3.7263,106.39999999999999,21.041666666666668,"Beans, dry",8883
Burundi,2010,265,3.7263,106.39999999999999,21.041666666666668,"Coffee, green",8268
Burundi,2010,265,3.7263,106.39999999999999,21.041666666666668,Potatoes,33902
Burundi,2010,265,3.7263,106.39999999999999,21.041666666666668,Tea,46116
Comoros,2010,0,0.149,155.77499999999998,24.75833333333333,"Coffee, green",1469
Comoros,2010,0,0.149,155.77499999999998,24.75833333333333,Potatoes,148400
Eritrea,2010,28,4.8966,23.933333333333337,27.683333333333334,"Beans, dry",800
Eritrea,2010,28,4.8966,23.933333333333337,27.683333333333334,Potatoes,15385
Ethiopia,2010,4128,116.5566,70.33333333333333,23.341666666666665,"Beans, dry",10228
Ethiopia,2010,4128,116.5566,70.33333333333333,23.341666666666665,"Coffee, green",7432
Ethiopia,2010,4128,116.5566,70.33333333333333,23.341666666666665,Potatoes,82829
Ethiopia,2010,4128,116.5566,70.33333333333333,23.341666666666665,Tea,10116
Kenya,2010,1578,49.5945,54.208333333333336,25.424999999999997,"Beans, dry",5666
Kenya,2010,1578,49.5945,54.208333333333336,25.424999999999997,"Coffee, green",2625
Kenya,2010,1578,49.5945,54.208333333333336,25.424999999999997,Potatoes,224279
Kenya,2010,1578,49.5945,54.208333333333336,25.424999999999997,Tea,23209
Madagascar,2010,242,21.5617,114.49166666666666,22.983333333333334,"Beans, dry",10441
Madagascar,2010,242,21.5617,114.49166666666666,22.983333333333334,"Coffee, green",4910
Madagascar,2010,242,21.5617,114.49166666666666,22.983333333333334,Potatoes,58930
Madagascar,2010,242,21.5617,114.49166666666666,22.983333333333334,Tea,6409
Malawi,2010,584,7.2106,75.84166666666665,22.941666666666663,"Beans, dry",5302
Malawi,2010,584,7.2106,75.84166666666665,22.941666666666663,"Coffee, green",14735
Malawi,2010,584,7.2106,75.84166666666665,22.941666666666663,Potatoes,160600
Malawi,2010,584,7.2106,75.84166666666665,22.941666666666663,Tea,24684
Mauritius,2010,860,0.3262,163.29166666666669,24.116666666666664,Potatoes,203649
Mauritius,2010,860,0.3262,163.29166666666669,24.116666666666664,Tea,21017
Mozambique,2010,1189,6.155,78.11666666666669,24.7,"Beans, dry",3239
Mozambique,2010,1189,6.155,78.11666666666669,24.7,"Coffee, green",8556
Mozambique,2010,1189,6.155,78.11666666666669,24.7,Potatoes,142467
Mozambique,2010,1189,6.155,78.11666666666669,24.7,Tea,16694
Rwanda,2010,954,4.7528,110.96666666666665,19.799999999999997,"Beans, dry",10258
Rwanda,2010,954,4.7528,110.96666666666665,19.799999999999997,"Coffee, green",5686
Rwanda,2010,954,4.7528,110.96666666666665,19.799999999999997,Potatoes,118679
Rwanda,2010,954,4.7528,110.96666666666665,19.799999999999997,Tea,16421
Seychelles,2010,19,0.0089,142.425,27.933333333333334,Tea,4712
Uganda,2010,88,30.062,113.20833333333333,23.90833333333333,"Beans, dry",14992
Uganda,2010,88,30.062,113.20833333333333,23.90833333333333,"Coffee, green",6125
Uganda,2010,88,30.062,113.20833333333333,23.90833333333333,Potatoes,47714
Uganda,2010,88,30.062,113.20833333333333,23.90833333333333,Tea,19452
Zambia,2010,1670,17.7199,86.36666666666667,22.65833333333333,"Coffee, green",9045
Zambia,2010,1670,17.7199,86.36666666666667,22.65833333333333,Potatoes,162228
Zambia,2010,1670,17.7199,86.36666666666667,22.65833333333333,Tea,14097
Zimbabwe,2010,3305,13.4716,57.458333333333336,22.2,"Beans, dry",3946
Zimbabwe,2010,3305,13.4716,57.458333333333336,22.2,"Coffee, green",3929
Zimbabwe,2010,3305,13.4716,57.458333333333336,22.2,Potatoes,92033
Zimbabwe,2010,3305,13.4716,57.458333333333336,22.2,Tea,16248
Burundi,2011,76,3.9288,124.35833333333333,20.51666666666667,"Beans, dry",8397
Burundi,2011,76,3.9288,124.35833333333333,20.51666666666667,"Coffee, green",9000
Burundi,2011,76,3.9288,124.35833333333333,20.51666666666667,Potatoes,35925
Burundi,2011,76,3.9288,124.35833333333333,20.51666666666667,Tea,48438
Comoros,2011,0,0.1517,179.49166666666667,24.583333333333332,"Coffee, green",1468
Comoros,2011,0,0.1517,179.49166666666667,24.583333333333332,Potatoes,148980
Eritrea,2011,28,5.1362,18.358333333333334,27.066666666666666,"Beans, dry",941
Eritrea,2011,28,5.1362,18.358333333333334,27.066666666666666,Potatoes,18784
Ethiopia,2011,4128,114.2684,68.16666666666667,23.25,"Beans, dry",8741
Ethiopia,2011,4128,114.2684,68.16666666666667,23.25,"Coffee, green",7304
Ethiopia,2011,4128,114.2684,68.16666666666667,23.25,Potatoes,79894
Ethiopia,2011,4128,114.2684,68.16666666666667,23.25,Tea,10244
Kenya,2011,1578,51.6221,52.23333333333333,25.225000000000005,"Beans, dry",5572
Kenya,2011,1578,51.6221,52.23333333333333,25.225000000000005,"Coffee, green",3140
Kenya,2011,1578,51.6221,52.23333333333333,25.225000000000005,Potatoes,191690
Kenya,2011,1578,51.6221,52.23333333333333,25.225000000000005,Tea,20117
Madagascar,2011,310,21.7132,112.95833333333331,22.825,"Beans, dry",10586
Madagascar,2011,310,21.7132,112.95833333333331,22.825,"Coffee, green",5061
Madagascar,2011,310,21.7132,112.95833333333331,22.825,Potatoes,58970
Madagascar,2011,310,21.7132,112.95833333333331,22.825,Tea,5278
Malawi,2011,554,7.3706,93.71666666666668,22.325000000000003,"Beans, dry",6322
Malawi,2011,554,7.3706,93.71666666666668,22.325000000000003,"Coffee, green",14278
Malawi,2011,554,7.3706,93.71666666666668,22.325000000000003,Potatoes,159930
Malawi,2011,554,7.3706,93.71666666666668,22.325000000000003,Tea,25019
Mauritius,2011,827,0.3823,157.025,24.066666666666666,Potatoes,213264
Mauritius,2011,827,0.3823,157.025,24.066666666666666,Tea,27450
Mozambique,2011,769,6.191,82.38333333333334,24.200000000000003,"Beans, dry",3464
Mozambique,2011,769,6.191,82.38333333333334,24.200000000000003,"Coffee, green",8421
Mozambique,2011,769,6.191,82.38333333333334,24.200000000000003,Potatoes,142472
Mozambique,2011,769,6.191,82.38333333333334,24.200000000000003,Tea,16711
Rwanda,2011,182,4.56,115.20833333333333,19.325,"Beans, dry",9688
Rwanda,2011,182,4.56,115.20833333333333,19.325,"Coffee, green",5838
Rwanda,2011,182,4.56,115.20833333333333,19.325,Potatoes,90115
Rwanda,2011,182,4.56,115.20833333333333,19.325,Tea,15975
Seychelles,2011,19,0.0099,130.975,27.766666666666662,Tea,4750
Uganda,2011,88,30.8396,103.48333333333333,23.466666666666665,"Beans, dry",14000
Uganda,2011,88,30.8396,103.48333333333333,23.466666666666665,"Coffee, green",6035
Uganda,2011,88,30.8396,103.48333333333333,23.466666666666665,Potatoes,49920
Uganda,2011,88,30.8396,103.48333333333333,23.466666666666665,Tea,20630
Zambia,2011,1670,17.8307,79.64166666666665,21.991666666666664,"Coffee, green",9025
Zambia,2011,1670,17.8307,79.64166666666665,21.991666666666664,Potatoes,162864
Zambia,2011,1670,17.8307,79.64166666666665,21.991666666666664,Tea,14026
Zimbabwe,2011,3340,13.5998,61.958333333333336,21.616666666666664,"Beans, dry",2980
Zimbabwe,2011,3340,13.5998,61.958333333333336,21.616666666666664,"Coffee, green",3681
Zimbabwe,2011,3340,13.5998,61.958333333333336,21.616666666666664,Potatoes,85819
Zimbabwe,2011,3340,13.5998,61.958333333333336,21.616666666666664,Tea,15268
Burundi,2012,99,3.9936,80.09166666666667,20.525000000000002,"Beans, dry",6044
Burundi,2012,99,3.9936,80.09166666666667,20.525000000000002,"Coffee, green",8738
Burundi,2012,99,3.9936,80.09166666666667,20.525000000000002,Potatoes,31165
Burundi,2012,99,3.9936,80.09166666666667,20.525000000000002,Tea,47938
Comoros,2012,0,0.1516,159.16666666666666,24.500000000000004,"Coffee, green",1469
Comoros,2012,0,0.1516,159.16666666666666,24.500000000000004,Potatoes,148750
Eritrea,2012,28,5.1525,16.71666666666667,27.25833333333333,"Beans, dry",1156
Eritrea,2012,28,5.1525,16.71666666666667,27.25833333333333,Potatoes,15444
Ethiopia,2012,4128,120.1941,70.34166666666667,23.058333333333334,"Beans, dry",10036
Ethiopia,2012,4128,120.1941,70.34166666666667,23.058333333333334,"Coffee, green",5213
Ethiopia,2012,4128,120.1941,70.34166666666667,23.058333333333334,Potatoes,115213
Ethiopia,2012,4128,120.1941,70.34166666666667,23.058333333333334,Tea,10374
Kenya,2012,1578,50.0072,65.24166666666666,24.933333333333326,"Beans, dry",5897
Kenya,2012,1578,50.0072,65.24166666666666,24.933333333333326,"Coffee, green",4463
Kenya,2012,1578,50.0072,65.24166666666666,24.933333333333326,Potatoes,203389
Kenya,2012,1578,50.0072,65.24166666666666,24.933333333333326,Tea,19381
Madagascar,2012,378,22.1078,114.11666666666669,22.758333333333336,"Beans, dry",10761
Madagascar,2012,378,22.1078,114.11666666666669,22.758333333333336,"Coffee, green",5222
Madagascar,2012,378,22.1078,114.11666666666669,22.758333333333336,Potatoes,59308
Madagascar,2012,378,22.1078,114.11666666666669,22.758333333333336,Tea,4312
Malawi,2012,776,7.1975,82.125,22.325,"Beans, dry",5965
Malawi,2012,776,7.1975,82.125,22.325,"Coffee, green",14574
Malawi,2012,776,7.1975,82.125,22.325,Potatoes,172009
Malawi,2012,776,7.1975,82.125,22.325,Tea,25378
Mauritius,2012,746,0.4414,120.64166666666665,23.916666666666668,Potatoes,233356
Mauritius,2012,746,0.4414,120.64166666666665,23.916666666666668,Tea,23572
Mozambique,2012,769,6.3986,77.75833333333333,24.299999999999997,"Beans, dry",3571
Mozambique,2012,769,6.3986,77.75833333333333,24.299999999999997,"Coffee, green",9184
Mozambique,2012,769,6.3986,77.75833333333333,24.299999999999997,Potatoes,143961
Mozambique,2012,769,6.3986,77.75833333333333,24.299999999999997,Tea,17558
Rwanda,2012,926,4.6072,90.10000000000001,19.225,"Beans, dry",9020
Rwanda,2012,926,4.6072,90.10000000000001,19.225,"Coffee, green",4788
Rwanda,2012,926,4.6072,90.10000000000001,19.225,Potatoes,111475
Rwanda,2012,926,4.6072,90.10000000000001,19.225,Tea,14628
Seychelles,2012,19,0.0074,127.4083333333333,27.724999999999998,Tea,4746
Uganda,2012,88,31.5937,113.88333333333334,23.066666666666666,"Beans, dry",12999
Uganda,2012,88,31.5937,113.88333333333334,23.066666666666666,"Coffee, green",5873
Uganda,2012,88,31.5937,113.88333333333334,23.066666666666666,Potatoes,49440
Uganda,2012,88,31.5937,113.88333333333334,23.066666666666666,Tea,20444
Zambia,2012,1670,19.7571,90.56666666666665,22.100000000000005,"Coffee, green",9004
Zambia,2012,1670,19.7571,90.56666666666665,22.100000000000005,Potatoes,161204
Zambia,2012,1670,19.7571,90.56666666666665,22.100000000000005,Tea,13846
Zimbabwe,2012,3376,13.3345,46.57500000000001,21.833333333333332,"Beans, dry",4016
Zimbabwe,2012,3376,13.3345,46.57500000000001,21.833333333333332,"Coffee, green",3352
Zimbabwe,2012,3376,13.3345,46.57500000000001,21.833333333333332,Potatoes,78479
Zimbabwe,2012,3376,13.3345,46.57500000000001,21.833333333333332,Tea,4939
Burundi,2013,956,4.4667,104.01666666666665,20.725,"Beans, dry",6654
Burundi,2013,956,4.4667,104.01666666666665,20.725,"Coffee, green",8662
Burundi,2013,956,4.4667,104.01666666666665,20.725,Potatoes,62252
Burundi,2013,956,4.4667,104.01666666666665,20.725,Tea,46105
Comoros,2013,0,0.1524,133.16666666666666,24.575,"Coffee, green",1483
Comoros,2013,0,0.1524,133.16666666666666,24.575,Potatoes,149200
Eritrea,2013,28,5.1936,23.983333333333334,27.341666666666665,"Beans, dry",1119
Eritrea,2013,28,5.1936,23.983333333333334,27.341666666666665,Potatoes,14040
Ethiopia,2013,4128,122.7471,74.89166666666667,23.408333333333335,"Beans, dry",10081
Ethiopia,2013,4128,122.7471,74.89166666666667,23.408333333333335,"Coffee, green",7280
Ethiopia,2013,4128,122.7471,74.89166666666667,23.408333333333335,Potatoes,117611
Ethiopia,2013,4128,122.7471,74.89166666666667,23.408333333333335,Tea,10502
Kenya,2013,1578,50.3723,61.699999999999996,25.158333333333335,"Beans, dry",6594
Kenya,2013,1578,50.3723,61.699999999999996,25.158333333333335,"Coffee, green",3625
Kenya,2013,1578,50.3723,61.699999999999996,25.158333333333335,Potatoes,144262
Kenya,2013,1578,50.3723,61.699999999999996,25.158333333333335,Tea,21772
Madagascar,2013,508,21.6752,123.30833333333334,22.70833333333333,"Beans, dry",10884
Madagascar,2013,508,21.6752,123.30833333333334,22.70833333333333,"Coffee, green",5335
Madagascar,2013,508,21.6752,123.30833333333334,22.70833333333333,Potatoes,59431
Madagascar,2013,508,21.6752,123.30833333333334,22.70833333333333,Tea,3552
Malawi,2013,1500,7.5848,86.23333333333333,22.375,"Beans, dry",6167
Malawi,2013,1500,7.5848,86.23333333333333,22.375,"Coffee, green",14632
Malawi,2013,1500,7.5848,86.23333333333333,22.375,Potatoes,175414
Malawi,2013,1500,7.5848,86.23333333333333,22.375,Tea,25723
Mauritius,2013,790,0.3798,148.44166666666666,23.900000000000002,Potatoes,236026
Mauritius,2013,790,0.3798,148.44166666666666,23.900000000000002,Tea,23259
Mozambique,2013,769,6.4848,82.94166666666665,24.191666666666666,"Beans, dry",3643
Mozambique,2013,769,6.4848,82.94166666666665,24.191666666666666,"Coffee, green",9474
Mozambique,2013,769,6.4848,82.94166666666665,24.191666666666666,Potatoes,135526
Mozambique,2013,769,6.4848,82.94166666666665,24.191666666666666,Tea,9418
Rwanda,2013,1842,4.7283,100.52499999999999,19.40833333333333,"Beans, dry",9130
Rwanda,2013,1842,4.7283,100.52499999999999,19.40833333333333,"Coffee, green",3526
Rwanda,2013,1842,4.7283,100.52499999999999,19.40833333333333,Potatoes,130600
Rwanda,2013,1842,4.7283,100.52499999999999,19.40833333333333,Tea,14203
Seychelles,2013,19,0.0065,162.53333333333333,27.73333333333333,Tea,4667
Uganda,2013,88,32.0498,118.75,23.224999999999998,"Beans, dry",14000
Uganda,2013,88,32.0498,118.75,23.224999999999998,"Coffee, green",5756
Uganda,2013,88,32.0498,118.75,23.224999999999998,Potatoes,45013
Uganda,2013,88,32.0498,118.75,23.224999999999998,Tea,20607
Zambia,2013,1670,20.6874,82.73333333333333,21.941666666666666,"Coffee, green",8984
Zambia,2013,1670,20.6874,82.73333333333333,21.941666666666666,Potatoes,163912
Zambia,2013,1670,20.6874,82.73333333333333,21.941666666666666,Tea,13846
Zimbabwe,2013,2550,13.3314,52.341666666666676,21.516666666666666,"Beans, dry",4396
Zimbabwe,2013,2550,13.3314,52.341666666666676,21.516666666666666,"Coffee, green",2929
Zimbabwe,2013,2550,13.3314,52.341666666666676,21.516666666666666,Potatoes,73309
Zimbabwe,2013,2550,13.3314,52.341666666666676,21.516666666666666,Tea,14663
Burundi,2014,74,4.4008,102.45833333333333,20.51666666666667,"Beans, dry",6615
Burundi,2014,74,4.4008,102.45833333333333,20.51666666666667,"Coffee, green",8951
Burundi,2014,74,4.4008,102.45833333333333,20.51666666666667,Potatoes,74138
Burundi,2014,74,4.4008,102.45833333333333,20.51666666666667,Tea,58707
Comoros,2014,0,0.1524,138.6,24.59166666666667,"Coffee, green",1439
Comoros,2014,0,0.1524,138.6,24.59166666666667,Potatoes,149000
Eritrea,2014,28,5.2194,26.183333333333334,27.0,"Beans, dry",588
Eritrea,2014,28,5.2194,26.183333333333334,27.0,Potatoes,11667
Ethiopia,2014,4128,128.3682,75.275,23.166666666666668,"Beans, dry",11693
Ethiopia,2014,4128,128.3682,75.275,23.166666666666668,"Coffee, green",7476
Ethiopia,2014,4128,128.3682,75.275,23.166666666666668,Potatoes,136847
Ethiopia,2014,4128,128.3682,75.275,23.166666666666668,Tea,10623
Kenya,2014,1578,53.5435,50.69166666666666,25.125,"Beans, dry",5853
Kenya,2014,1578,53.5435,50.69166666666666,25.125,"Coffee, green",4500
Kenya,2014,1578,53.5435,50.69166666666666,25.125,Potatoes,140655
Kenya,2014,1578,53.5435,50.69166666666666,25.125,Tea,21926
Madagascar,2014,454,22.309,125.25833333333333,22.933333333333334,"Beans, dry",10889
Madagascar,2014,454,22.309,125.25833333333333,22.933333333333334,"Coffee, green",5362
Madagascar,2014,454,22.309,125.25833333333333,22.933333333333334,Potatoes,59508
Madagascar,2014,454,22.309,125.25833333333333,22.933333333333334,Tea,2644
Malawi,2014,2358,9.0173,81.14166666666667,22.450000000000003,"Beans, dry",6159
Malawi,2014,2358,9.0173,81.14166666666667,22.450000000000003,"Coffee, green",15181
Malawi,2014,2358,9.0173,81.14166666666667,22.450000000000003,Potatoes,174729
Malawi,2014,2358,9.0173,81.14166666666667,22.450000000000003,Tea,26005
Mauritius,2014,772,0.4429,129.53333333333336,24.299999999999997,Potatoes,236346
Mauritius,2014,772,0.4429,129.53333333333336,24.299999999999997,Tea,22381
Mozambique,2014,769,6.9603,80.425,24.308333333333334,"Beans, dry",5345
Mozambique,2014,769,6.9603,80.425,24.308333333333334,"Coffee, green",9316
Mozambique,2014,769,6.9603,80.425,24.308333333333334,Potatoes,117086
Mozambique,2014,769,6.9603,80.425,24.308333333333334,Tea,9133
Rwanda,2014,2061,4.6411,98.92500000000001,19.216666666666665,"Beans, dry",8914
Rwanda,2014,2061,4.6411,98.92500000000001,19.216666666666665,"Coffee, green",2976
Rwanda,2014,2061,4.6411,98.92500000000001,19.216666666666665,Potatoes,105414
Rwanda,2014,2061,4.6411,98.92500000000001,19.216666666666665,Tea,14373
Seychelles,2014,19,0.0073,170.58333333333334,27.725000000000005,Tea,4655
Uganda,2014,88,32.7372,98.425,23.13333333333333,"Beans, dry",15000
Uganda,2014,88,32.7372,98.425,23.13333333333333,"Coffee, green",5831
Uganda,2014,88,32.7372,98.425,23.13333333333333,Potatoes,46460
Uganda,2014,88,32.7372,98.425,23.13333333333333,Tea,20704
Zambia,2014,1670,20.8371,83.40833333333332,21.983333333333334,"Coffee, green",9015
Zambia,2014,1670,20.8371,83.40833333333332,21.983333333333334,Potatoes,164933
Zambia,2014,1670,20.8371,83.40833333333332,21.983333333333334,Tea,14071
Zimbabwe,2014,2185,11.1634,49.44166666666666,21.641666666666666,"Beans, dry",4563
Zimbabwe,2014,2185,11.1634,49.44166666666666,21.641666666666666,"Coffee, green",2500
Zimbabwe,2014,2185,11.1634,49.44166666666666,21.641666666666666,Potatoes,66315
Zimbabwe,2014,2185,11.1634,49.44166666666666,21.641666666666666,Tea,13894
Burundi,2015,73,4.3043,104.38333333333333,20.600000000000005,"Beans, dry",7956
Burundi,2015,73,4.3043,104.38333333333333,20.600000000000005,"Coffee, green",9199
Burundi,2015,73,4.3043,104.38333333333333,20.600000000000005,Potatoes,97372
Burundi,2015,73,4.3043,104.38333333333333,20.600000000000005,Tea,53802
Comoros,2015,0,0.153,153.95833333333331,24.816666666666666,"Coffee, green",1387
Comoros,2015,0,0.153,153.95833333333331,24.816666666666666,Potatoes,149348
Eritrea,2015,28,5.2572,22.149999999999995,27.549999999999997,"Beans, dry",520
Eritrea,2015,28,5.2572,22.149999999999995,27.549999999999997,Potatoes,7667
Ethiopia,2015,4128,130.9382,68.53333333333333,23.600000000000005,"Beans, dry",12161
Ethiopia,2015,4128,130.9382,68.53333333333333,23.600000000000005,"Coffee, green",6989
Ethiopia,2015,4128,130.9382,68.53333333333333,23.600000000000005,Potatoes,148256
Ethiopia,2015,4128,130.9382,68.53333333333333,23.600000000000005,Tea,10811
Kenya,2015,1578,51.7124,64.85,25.21666666666667,"Beans, dry",6150
Kenya,2015,1578,51.7124,64.85,25.21666666666667,"Coffee, green",3700
Kenya,2015,1578,51.7124,64.85,25.21666666666667,Potatoes,147043
Kenya,2015,1578,51.7124,64.85,25.21666666666667,Tea,19059
Madagascar,2015,401,22.3735,111.92500000000001,22.974999999999998,"Beans, dry",10989
Madagascar,2015,401,22.3735,111.92500000000001,22.974999999999998,"Coffee, green",5461
Madagascar,2015,401,22.3735,111.92500000000001,22.974999999999998,Potatoes,59685
Madagascar,2015,401,22.3735,111.92500000000001,22.974999999999998,Tea,1829
Malawi,2015,2358,9.1459,75.85833333333333,22.75,"Beans, dry",5720
Malawi,2015,2358,9.1459,75.85833333333333,22.75,"Coffee, green",16827
Malawi,2015,2358,9.1459,75.85833333333333,22.75,Potatoes,172870
Malawi,2015,2358,9.1459,75.85833333333333,22.75,Tea,26456
Mauritius,2015,2374,0.3616,176.4416666666667,24.258333333333336,Potatoes,232348
Mauritius,2015,2374,0.3616,176.4416666666667,24.258333333333336,Tea,22561
Mozambique,2015,769,5.486,73.73333333333333,24.691666666666663,"Beans, dry",5533
Mozambique,2015,769,5.486,73.73333333333333,24.691666666666663,"Coffee, green",9327
Mozambique,2015,769,5.486,73.73333333333333,24.691666666666663,Potatoes,151284
Mozambique,2015,769,5.486,73.73333333333333,24.691666666666663,Tea,9552
Rwanda,2015,2484,5.2566,102.72500000000001,19.28333333333333,"Beans, dry",8620
Rwanda,2015,2484,5.2566,102.72500000000001,19.28333333333333,"Coffee, green",6143
Rwanda,2015,2484,5.2566,102.72500000000001,19.28333333333333,Potatoes,94948
Rwanda,2015,2484,5.2566,102.72500000000001,19.28333333333333,Tea,14879
Seychelles,2015,19,0.0078,167.84166666666667,28.091666666666665,Tea,4706
Uganda,2015,88,33.657,109.45833333333333,23.16666666666666,"Beans, dry",16000
Uganda,2015,88,33.657,109.45833333333333,23.16666666666666,"Coffee, green",5304
Uganda,2015,88,33.657,109.45833333333333,23.16666666666666,Potatoes,44001
Uganda,2015,88,33.657,109.45833333333333,23.16666666666666,Tea,20613
Zambia,2015,1670,21.0641,75.10000000000001,22.416666666666668,"Coffee, green",9064
Zambia,2015,1670,21.0641,75.10000000000001,22.416666666666668,Potatoes,153365
Zambia,2015,1670,21.0641,75.10000000000001,22.416666666666668,Tea,14240
Zimbabwe,2015,2185,11.8965,36.475,22.25,"Beans, dry",4145
Zimbabwe,2015,2185,11.8965,36.475,22.25,"Coffee, green",2500
Zimbabwe,2015,2185,11.8965,36.475,22.25,Potatoes,58884
Zimbabwe,2015,2185,11.8965,36.475,22.25,Tea,17875
Burundi,2016,50,4.7312,107.56666666666666,20.841666666666665,"Beans, dry",6391
Burundi,2016,50,4.7312,107.56666666666666,20.841666666666665,"Coffee, green",9383
Burundi,2016,50,4.7312,107.56666666666666,20.841666666666665,Potatoes,105808
Burundi,2016,50,4.7312,107.56666666666666,20.841666666666665,Tea,43812
Comoros,2016,0,0.1546,163.33333333333334,24.616666666666664,"Coffee, green",1347
Comoros,2016,0,0.1546,163.33333333333334,24.616666666666664,Potatoes,148667
Eritrea,2016,28,5.3246,23.974999999999998,27.583333333333332,"Beans, dry",618
Eritrea,2016,28,5.3246,23.974999999999998,27.583333333333332,Potatoes,6778
Ethiopia,2016,4128,136.8953,75.15,23.599999999999998,"Beans, dry",12263
Ethiopia,2016,4128,136.8953,75.15,23.599999999999998,"Coffee, green",6697
Ethiopia,2016,4128,136.8953,75.15,23.599999999999998,Potatoes,137681
Ethiopia,2016,4128,136.8953,75.15,23.599999999999998,Tea,10804
Kenya,2016,1578,55.3465,57.21666666666667,25.575000000000003,"Beans, dry",6215
Kenya,2016,1578,55.3465,57.21666666666667,25.575000000000003,"Coffee, green",4044
Kenya,2016,1578,55.3465,57.21666666666667,25.575000000000003,Potatoes,91520
Kenya,2016,1578,55.3465,57.21666666666667,25.575000000000003,Tea,21648
Madagascar,2016,494,22.2902,101.97500000000001,22.825,"Beans, dry",11113
Madagascar,2016,494,22.2902,101.97500000000001,22.825,"Coffee, green",5577
Madagascar,2016,494,22.2902,101.97500000000001,22.825,Potatoes,59829
Madagascar,2016,494,22.2902,101.97500000000001,22.825,Tea,1099
Malawi,2016,2358,8.5456,79.2,22.691666666666663,"Beans, dry",4805
Malawi,2016,2358,8.5456,79.2,22.691666666666663,"Coffee, green",16827
Malawi,2016,2358,8.5456,79.2,22.691666666666663,Potatoes,165504
Malawi,2016,2358,8.5456,79.2,22.691666666666663,Tea,26525
Mauritius,2016,2367,0.4282,121.59166666666664,24.016666666666666,Potatoes,213412
Mauritius,2016,2367,0.4282,121.59166666666664,24.016666666666666,Tea,21752
Mozambique,2016,769,6.195,71.49166666666669,24.599999999999998,"Beans, dry",5556
Mozambique,2016,769,6.195,71.49166666666669,24.599999999999998,"Coffee, green",9371
Mozambique,2016,769,6.195,71.49166666666669,24.599999999999998,Potatoes,170000
Mozambique,2016,769,6.195,71.49166666666669,24.599999999999998,Tea,9552
Rwanda,2016,2027,4.9314,102.09166666666668,19.533333333333335,"Beans, dry",8529
Rwanda,2016,2027,4.9314,102.09166666666668,19.533333333333335,"Coffee, green",8235
Rwanda,2016,2027,4.9314,102.09166666666668,19.533333333333335,Potatoes,70718
Rwanda,2016,2027,4.9314,102.09166666666668,19.533333333333335,Tea,14882
Seychelles,2016,19,0.007,144.56666666666666,27.891666666666666,Tea,4722
Uganda,2016,88,35.2541,105.72500000000001,23.474999999999998,"Beans, dry",16704
Uganda,2016,88,35.2541,105.72500000000001,23.474999999999998,"Coffee, green",5650
Uganda,2016,88,35.2541,105.72500000000001,23.474999999999998,Potatoes,43883
Uganda,2016,88,35.2541,105.72500000000001,23.474999999999998,Tea,20458
Zambia,2016,1670,21.4381,73.34166666666668,22.566666666666666,"Coffee, green",9041
Zambia,2016,1670,21.4381,73.34166666666668,22.566666666666666,Potatoes,187331
Zambia,2016,1670,21.4381,73.34166666666668,22.566666666666666,Tea,14103
Zimbabwe,2016,2185,12.1768,42.35833333333334,22.183333333333337,"Beans, dry",3574
Zimbabwe,2016,2185,12.1768,42.35833333333334,22.183333333333337,"Coffee, green",2500
Zimbabwe,2016,2185,12.1768,42.35833333333334,22.183333333333337,Potatoes,51792
Zimbabwe,2016,2185,12.1768,42.35833333333334,22.183333333333337,Tea,13087
Burundi,2017,50,5.3965,95.15000000000002,21.058333333333334,"Beans, dry",6464
Burundi,2017,50,5.3965,95.15000000000002,21.058333333333334,"Coffee, green",9903
Burundi,2017,50,5.3965,95.15000000000002,21.058333333333334,Potatoes,102512
Burundi,2017,50,5.3965,95.15000000000002,21.058333333333334,Tea,11997
Comoros,2017,0,0.155,144.98333333333338,24.849999999999998,"Coffee, green",1316
Comoros,2017,0,0.155,144.98333333333338,24.849999999999998,Potatoes,150682
Eritrea,2017,28,5.3092,20.575,27.36666666666667,"Beans, dry",570
Eritrea,2017,28,5.3092,20.575,27.36666666666667,Potatoes,6105
Ethiopia,2017,4128,140.8164,76.05833333333332,23.308333333333334,"Beans, dry",11989
Ethiopia,2017,4128,140.8164,76.05833333333332,23.308333333333334,"Coffee, green",6188
Ethiopia,2017,4128,140.8164,76.05833333333332,23.308333333333334,Potatoes,139198
Ethiopia,2017,4128,140.8164,76.05833333333332,23.308333333333334,Tea,10897
Kenya,2017,1578,50.8681,83.54166666666667,25.374999999999996,"Beans, dry",8210
Kenya,2017,1578,50.8681,83.54166666666667,25.374999999999996,"Coffee, green",3367
Kenya,2017,1578,50.8681,83.54166666666667,25.374999999999996,Potatoes,91858
Kenya,2017,1578,50.8681,83.54166666666667,25.374999999999996,Tea,18902
Madagascar,2017,643,22.731,109.47500000000001,23.066666666666666,"Beans, dry",11207
Madagascar,2017,643,22.731,109.47500000000001,23.066666666666666,"Coffee, green",5667
Madagascar,2017,643,22.731,109.47500000000001,23.066666666666666,Potatoes,59969
Madagascar,2017,643,22.731,109.47500000000001,23.066666666666666,Tea,1002
Malawi,2017,2358,9.579,94.69166666666668,22.51666666666667,"Beans, dry",5979
Malawi,2017,2358,9.579,94.69166666666668,22.51666666666667,"Coffee, green",18875
Malawi,2017,2358,9.579,94.69166666666668,22.51666666666667,Potatoes,184164
Malawi,2017,2358,9.579,94.69166666666668,22.51666666666667,Tea,26807
Mauritius,2017,2171,0.4128,140.79166666666666,24.41666666666667,Potatoes,198930
Mauritius,2017,2171,0.4128,140.79166666666666,24.41666666666667,Tea,22170
Mozambique,2017,769,6.5641,94.81666666666666,24.375,"Beans, dry",5500
Mozambique,2017,769,6.5641,94.81666666666666,24.375,"Coffee, green",9448
Mozambique,2017,769,6.5641,94.81666666666666,24.375,Potatoes,165506
Mozambique,2017,769,6.5641,94.81666666666666,24.375,Tea,9512
Rwanda,2017,2027,4.9802,93.54166666666664,19.674999999999997,"Beans, dry",8296
Rwanda,2017,2027,4.9802,93.54166666666664,19.674999999999997,"Coffee, green",10731
Rwanda,2017,2027,4.9802,93.54166666666664,19.674999999999997,Potatoes,90028
Rwanda,2017,2027,4.9802,93.54166666666664,19.674999999999997,Tea,15228
Seychelles,2017,19,0.0067,148.72500000000002,27.858333333333338,Tea,4643
Uganda,2017,88,36.4308,116.6583333333333,23.383333333333336,"Beans, dry",16847
Uganda,2017,88,36.4308,116.6583333333333,23.383333333333336,"Coffee, green",5626
Uganda,2017,88,36.4308,116.6583333333333,23.383333333333336,Potatoes,44082
Uganda,2017,88,36.4308,116.6583333333333,23.383333333333336,Tea,20517
Zambia,2017,1670,22.0533,91.32499999999999,22.224999999999998,"Coffee, green",9033
Zambia,2017,1670,22.0533,91.32499999999999,22.224999999999998,Potatoes,316235
Zambia,2017,1670,22.0533,91.32499999999999,22.224999999999998,Tea,14128
Zimbabwe,2017,2185,12.481,71.825,21.641666666666666,"Beans, dry",5812
Zimbabwe,2017,2185,12.481,71.825,21.641666666666666,"Coffee, green",1460
Zimbabwe,2017,2185,12.481,71.825,21.641666666666666,Potatoes,47782
Zimbabwe,2017,2185,12.481,71.825,21.641666666666666,Tea,10733
Burundi,2018,50,5.4815,99.60000000000001,20.566666666666666,"Beans, dry",6563
Burundi,2018,50,5.4815,99.60000000000001,20.566666666666666,"Coffee, green",9658
Burundi,2018,50,5.4815,99.60000000000001,20.566666666666666,Potatoes,111697
Burundi,2018,50,5.4815,99.60000000000001,20.566666666666666,Tea,14626
Comoros,2018,0,0.1558,161.77499999999995,24.675,"Coffee, green",1300
Comoros,2018,0,0.1558,161.77499999999995,24.675,Potatoes,150682
Eritrea,2018,28,5.3857,30.158333333333335,27.23333333333333,"Beans, dry",541
Eritrea,2018,28,5.3857,30.158333333333335,27.23333333333333,Potatoes,6000
Ethiopia,2018,4128,142.5605,74.11666666666666,22.933333333333337,"Beans, dry",16959
Ethiopia,2018,4128,142.5605,74.11666666666666,22.933333333333337,"Coffee, green",6466
Ethiopia,2018,4128,142.5605,74.11666666666666,22.933333333333337,Potatoes,140033
Ethiopia,2018,4128,142.5605,74.11666666666666,22.933333333333337,Tea,10991
Kenya,2018,1578,52.8676,67.21666666666667,25.025000000000002,"Beans, dry",7110
Kenya,2018,1578,52.8676,67.21666666666667,25.025000000000002,"Coffee, green",3580
Kenya,2018,1578,52.8676,67.21666666666667,25.025000000000002,Potatoes,86067
Kenya,2018,1578,52.8676,67.21666666666667,25.025000000000002,Tea,20872
Madagascar,2018,706,22.7566,123.11666666666666,22.891666666666666,"Beans, dry",11302
Madagascar,2018,706,22.7566,123.11666666666666,22.891666666666666,"Coffee, green",5756
Madagascar,2018,706,22.7566,123.11666666666666,22.891666666666666,Potatoes,60109
Madagascar,2018,706,22.7566,123.11666666666666,22.891666666666666,Tea,926
Malawi,2018,2358,10.7699,96.05,22.483333333333334,"Beans, dry",5413
Malawi,2018,2358,10.7699,96.05,22.483333333333334,"Coffee, green",23345
Malawi,2018,2358,10.7699,96.05,22.483333333333334,Potatoes,165247
Malawi,2018,2358,10.7699,96.05,22.483333333333334,Tea,27101
Mauritius,2018,2208,0.3966,207.35833333333335,24.191666666666666,Potatoes,236898
Mauritius,2018,2208,0.3966,207.35833333333335,24.191666666666666,Tea,22409
Mozambique,2018,769,7.3839,86.35833333333333,24.5,"Beans, dry",5469
Mozambique,2018,769,7.3839,86.35833333333333,24.5,"Coffee, green",9516
Mozambique,2018,769,7.3839,86.35833333333333,24.5,Potatoes,157370
Mozambique,2018,769,7.3839,86.35833333333333,24.5,Tea,8420
Rwanda,2018,2027,4.9882,93.69166666666666,19.275,"Beans, dry",8291
Rwanda,2018,2027,4.9882,93.69166666666666,19.275,"Coffee, green",16506
Rwanda,2018,2027,4.9882,93.69166666666666,19.275,Potatoes,91304
Rwanda,2018,2027,4.9882,93.69166666666666,19.275,Tea,15180
Seychelles,2018,19,0.0063,135.21666666666667,27.775000000000002,Tea,4545
Uganda,2018,88,37.4524,106.23333333333333,23.166666666666668,"Beans, dry",17606
Uganda,2018,88,37.4524,106.23333333333333,23.166666666666668,"Coffee, green",5491
Uganda,2018,88,37.4524,106.23333333333333,23.166666666666668,Potatoes,42892
Uganda,2018,88,37.4524,106.23333333333333,23.166666666666668,Tea,20576
Zambia,2018,1670,20.4572,84.66666666666667,22.00833333333333,"Coffee, green",9024
Zambia,2018,1670,20.4572,84.66666666666667,22.00833333333333,Potatoes,74881
Zambia,2018,1670,20.4572,84.66666666666667,22.00833333333333,Tea,14153
Zimbabwe,2018,2185,12.6429,50.55000000000001,22.01666666666667,"Beans, dry",7941
Zimbabwe,2018,2185,12.6429,50.55000000000001,22.01666666666667,"Coffee, green",626
Zimbabwe,2018,2185,12.6429,50.55000000000001,22.01666666666667,Potatoes,41551
Zimbabwe,2018,2185,12.6429,50.55000000000001,22.01666666666667,Tea,10186
